,name,address,gd_point_x,gd_point_y,region,dataType
0,爱嘉幼学托育园,西湖区山水人家彩云天会馆1层(蚂蚁金服对面),120.108808,30.269882,西湖区,幼儿园
1,莲花港幼儿园新城园区,西湖区益乐路100号,120.114701,30.284017,西湖区,幼儿园
2,翠苑第三幼儿园,西湖区翠苑新村三区63号,120.120725,30.290563,西湖区,幼儿园
3,文新学前教育集团金地幼儿园,西湖区欣然街111号附近,120.069289,30.330682,西湖区,幼儿园
4,蓝天幼儿园(周浦线),西湖区双浦镇三阳村408号(中共杭州市双浦镇委员会东),120.07489,30.09081,西湖区,幼儿园
5,杭州市西湖区金太阳幼儿园,西湖区西溪路老东岳10号,120.090999,30.256317,西湖区,幼儿园
6,小桔灯幼儿园,西湖区西溪路杨家牌楼2号,120.075362,30.239958,西湖区,幼儿园
7,杭州市西湖区西溪花园幼儿园,西湖区晴川街573号,120.061002,30.283909,西湖区,幼儿园
8,和庄幼儿园,西湖区天目山路383号,120.072188,30.257188,西湖区,幼儿园
9,杭州市文新幼儿园富城园区,西湖区庆隆路20号翠苑佳居内,120.124152,30.292765,西湖区,幼儿园
10,西溪明珠幼儿园,西湖区百家园路(启航国际酒店斜对面),120.059295,30.247573,西湖区,幼儿园
11,浙江大学幼儿园玉泉分园,西湖区浙大路18浙大求是社区,120.1303,30.262994,西湖区,幼儿园
12,杭州市西湖区文一街幼儿园,西湖区文一路122号金都城市芯宇7幢,120.136095,30.290533,西湖区,幼儿园
13,杭州市西湖区黄龙和山幼儿园,西湖区留下街道求和路88号(求是和家园小学对面),120.064372,30.241357,西湖区,幼儿园
14,杭州嘟巴教育,西湖区三墩镇西行路32号三墩小学附近,120.0815,30.317375,西湖区,幼儿园
15,杭州市西湖区文新自在城幼儿园,西湖区嘉仁路499西北方向130米,120.072594,30.334313,西湖区,幼儿园
16,午山幼儿园,西湖区转塘街道丽景路午山社区,120.087652,30.164385,西湖区,幼儿园
17,嘉绿苑幼儿园,西湖区丰潭路嘉绿西苑小区39幢,120.110455,30.280192,西湖区,幼儿园
18,西溪花园幼儿园竞舟苑园区,西湖区晴川街563-575,120.056045,30.283403,西湖区,幼儿园
19,山水学期教育集团蝶园幼儿园,西湖区文一西路崇义路口西溪蝶园小区内紫霞街180号,120.065259,30.289789,西湖区,幼儿园
20,周浦幼儿园,西湖区双浦镇周浦三阳村408号,120.074173,30.092417,西湖区,幼儿园
21,杭州市西湖区和家园幼儿园,西湖区留下镇杨梅山路305号,120.063653,30.235947,西湖区,幼儿园
22,留下幼儿园(东穆坞分园),西湖区长深高速外东穆坞村146号,120.061329,30.222017,西湖区,幼儿园
23,杭州市西湖区古荡幼儿园,西湖区古荡新村东区36幢,120.118124,30.274896,西湖区,幼儿园
24,山水学前教育集团莲花港幼儿园,西湖区古荡街道西斗门路146号,120.111053,30.290364,西湖区,幼儿园
25,孩盟国际幼托,西湖区盛龙街西城年华65号,120.099941,30.310003,西湖区,幼儿园
26,Kaiser Nursery卡朗幼托,西湖区文一路122号城市芯宇2幢103-2,120.137231,30.290181,西湖区,幼儿园
27,希溪谷儿童之家(南都银座园),西湖区文二西路115号南都银座大厦,120.112015,30.281742,西湖区,幼儿园
28,贝比之家早教幼托中心,西湖区文三西路29号,120.111733,30.275987,西湖区,幼儿园
29,政苑幼儿园,西湖区政苑小区73-1号,120.102335,30.296871,西湖区,幼儿园
30,西湖区午山幼儿园瑷骊山园区,西湖区霞鸣街269号,120.066042,30.143164,西湖区,幼儿园
31,杭州市西湖区翠苑第一幼儿园,西湖区翠苑一区49号(翠苑一区社区委员会隔壁),120.127799,30.286713,西湖区,幼儿园
32,武林门幼儿园(武林巷),西湖区马塍路9号,120.148943,30.275802,西湖区,幼儿园
33,杭师大幼儿园,西湖区教工路142号,120.136045,30.281017,西湖区,幼儿园
34,杭州市西湖区转塘幼儿园,西湖区大诸桥新村1号,120.074175,30.160195,西湖区,幼儿园
35,嘉苑幼儿园,西湖区新安嘉苑11号,120.104737,30.269099,西湖区,幼儿园
36,闻裕顺学前教育集团西庐幼儿园,西湖区五常港路与紫霞街交叉口,120.056486,30.291522,西湖区,幼儿园
37,凯乐幼儿园,西湖区常陇路10号5号楼,120.08415,30.172649,西湖区,幼儿园
38,杭州市金都中心幼儿园,西湖区古墩路415号,120.097256,30.285322,西湖区,幼儿园
39,酷特儿幼托,西湖区古墩路107号,120.101002,30.273864,西湖区,幼儿园
40,杭州市西湖区紫荆幼儿园,西湖区紫荆花路290号,120.093232,30.290338,西湖区,幼儿园
41,杭州市西湖区智多星幼儿园(五里堂街),西湖区三墩镇大港桥村,120.075367,30.317541,西湖区,幼儿园
42,武林门幼儿园(易盛大厦西南),西湖区莫干山路武林巷3号省级机关,120.150949,30.276513,西湖区,幼儿园
43,小和山学前教育集团小和山幼儿园,西湖区留和路附近,120.015875,30.208924,西湖区,幼儿园
44,浙江大学西溪校区幼儿园,西湖区天目山路148号浙江大学西溪校区,120.142874,30.274545,西湖区,幼儿园
45,三坝幼儿园金地园区,西湖区城(池华街西),120.075598,30.333947,西湖区,幼儿园
46,杭州市西湖区育博幼儿园,西湖区三墩镇紫萱路279号,120.072434,30.321948,西湖区,幼儿园
47,杭州市乐莺幼儿园,西湖区三墩镇长阳路8号,120.094124,30.324882,西湖区,幼儿园
48,杭州市西湖区启蒙幼儿园,西湖区灯彩街50号,120.088433,30.326803,西湖区,幼儿园
49,杭州市人民政府机关幼儿园(府新分园),西湖区文二西路589号府新花园西17幢,120.091114,30.279457,西湖区,幼儿园
50,西湖区申花路幼儿园秀月园区,西湖区三墩镇祥符南路(秀月家园旁),120.09695,30.321302,西湖区,幼儿园
51,杭州西点幼儿园,西湖区文一西路149号雅仕苑,120.105006,30.285225,西湖区,幼儿园
52,杭州市西湖区留下幼儿园,西湖区安乐新村,120.057483,30.240996,西湖区,幼儿园
53,三墩镇中心幼儿园,西湖区庙前街55号,120.082269,30.319922,西湖区,幼儿园
54,杭州市西湖区甲来路幼儿园,西湖区甲来路88号,120.06764,30.34176,西湖区,幼儿园
55,山水幼儿园(莲花街),西湖区莲花街97号,120.107869,30.270898,西湖区,幼儿园
56,新世纪幼儿园(古墩路),西湖区三墩镇古墩路1105号,120.090694,30.324767,西湖区,幼儿园
57,枫华府第幼儿园,西湖区华星路6-2号,120.126998,30.279794,西湖区,幼儿园
58,三墩慧仁家园幼儿园,西湖区嘉仁路与墩祥街交叉路口往北约50米(慧仁家园-南区南侧),120.077587,30.329851,西湖区,幼儿园
59,杭州西点香樟婴幼园,西湖区竞舟路102号,120.10567,30.278918,西湖区,幼儿园
60,枫华府第幼儿园西溪里园区,西湖区文一西路崇义路口西溪里小区,120.060945,30.288516,西湖区,幼儿园
61,杭州孝慈旭航幼儿园,西湖区西溪路799号,120.074531,30.250701,西湖区,幼儿园
62,文新学前教育集团,西湖区文新街道古墩路580-2号,120.099641,30.290221,西湖区,幼儿园
63,浙大幼教,西湖区振华路西港白领公寓南侧约120米,120.069859,30.313029,西湖区,幼儿园
64,象山幼儿园(科海路园区),西湖区燕庐巷与青蓝路交叉路口西南侧(东日晴好),120.09086,30.135859,西湖区,幼儿园
65,杭州云溪幼儿园,西湖区转塘街道珊瑚沙路61号,120.096456,30.165395,西湖区,幼儿园
66,智慧树,西湖区紫荆花路紫金庭园梅林苑11幢1号商铺,120.093683,30.272102,西湖区,幼儿园
67,象山幼儿园云荷廷园区,西湖区江涵路银泰百货(杭州之江店)东侧约210米,120.104586,30.168112,西湖区,幼儿园
68,西湖区翠苑第四幼儿园,西湖区翠苑新村四区13幢,120.121826,30.286374,西湖区,幼儿园
69,西庐幼儿园小班部,西湖区双龙街380号西溪里瑾园北对面,120.060236,30.293515,西湖区,幼儿园
70,杭州云谷幼儿园,西湖区留下街道桃源坞5-7号楼,120.105549,30.255896,西湖区,幼儿园
71,浙大-紫金港幼儿园,西湖区五常港路与蒋墩路交叉路口往西北约50米,120.068669,30.301337,西湖区,幼儿园
72,普普幼儿园,西湖区振华路300号,120.069862,30.313049,西湖区,幼儿园
73,青青幼乐园,西湖区五常港路融创河滨之城雨澜轩商铺,120.060992,30.298999,西湖区,幼儿园
74,东方幼儿园,西湖区紫荆花路282号,120.092789,30.288049,西湖区,幼儿园
75,杭州市西湖区景汇幼儿园,西湖区三墩镇景溪北苑汇周街108号,120.066344,30.349924,西湖区,幼儿园
76,之江幼儿园(丽景路园区),西湖区之新花苑18幢,120.094423,30.156516,西湖区,幼儿园
77,初本幼园(古墩校区),西湖区文一西路骆家庄498号,120.099146,30.285373,西湖区,幼儿园
78,乐迪幼儿园,西湖区三墩镇北周坪路137号,120.069298,30.341538,西湖区,幼儿园
79,杭州幼儿师范学院实验幼儿园,西湖区金兰巷蓝爵白马尊邸东南侧约160米,120.080907,30.33263,西湖区,幼儿园
80,枫华府第幼儿园庆丰园区,西湖区玉古路117号1,120.128096,30.266723,西湖区,幼儿园
81,杭州市西湖区定山幼儿园,西湖区双流路35号,120.070204,30.141566,西湖区,幼儿园
82,西湖区天虹幼儿园,西湖区紫荆花路288号,120.091432,30.312689,西湖区,幼儿园
83,象象部落(金地自在城栖霞居店),"西湖区城栖霞居5幢103,104室",120.067024,30.329119,西湖区,幼儿园
84,名苑幼托部,西湖区益乐路45号,120.11632,30.277793,西湖区,幼儿园
85,九莲新村幼儿园,西湖区文三路522号,120.133457,30.277515,西湖区,幼儿园
86,杭州市西湖区大禹路幼儿园小班部,西湖区荷风苑11幢(商铺)107附近正东方向100米,120.083803,30.332287,西湖区,幼儿园
87,绕城幼儿园,西湖区三墩绕城村委边上,120.054895,30.3375,西湖区,幼儿园
88,杭州市西湖区新天地幼儿园,西湖区三墩镇振华路197号,120.076218,30.314704,西湖区,幼儿园
89,西湖区蓝精灵幼儿园,西湖区双浦镇轮渡路16号,120.127409,30.121053,西湖区,幼儿园
90,杭州市西湖区紫萱幼儿园,西湖区紫宣路330号,120.071315,30.327099,西湖区,幼儿园
91,象山幼儿园(东环路),西湖区象山社区杭州绕城高速公路象山幼儿园,120.085552,30.153774,西湖区,幼儿园
92,杭州市西湖区小天使幼儿园,西湖区袁家浦村39号,120.125696,30.116861,西湖区,幼儿园
93,袁浦幼儿园小江分园,西湖区,120.124951,30.12843,西湖区,幼儿园
94,杭州市西湖区回龙幼儿园,西湖区雅苑小区内,120.103379,30.123914,西湖区,幼儿园
95,文苑幼儿园白荡海园区,西湖区西溪街道文一路66号白荡海人家,120.143101,30.289694,西湖区,幼儿园
96,杭州黄珑幼儿园,西湖区文一西路320号高教新村7幢,120.096769,30.287732,西湖区,幼儿园
97,闻裕顺幼儿园,西湖区里东山弄16号,120.129763,30.258646,西湖区,幼儿园
98,浙江省级机关府苑幼儿园,西湖区紫荆花路1号府苑新村,120.092963,30.265891,西湖区,幼儿园
99,闻裕顺学前教育集团之江幼儿园,西湖区文景路,120.101069,30.16427,西湖区,幼儿园
100,浙江大学幼儿园总部,西湖区天目山路148号浙江大学西溪校区,120.140184,30.273354,西湖区,幼儿园
101,杭州市西湖区周浦幼儿园灵山分园,西湖区双浦镇周浦三阳村408号,120.039867,30.128822,西湖区,幼儿园
102,汪庄幼儿园,西湖区南山路62号,120.152802,30.228933,西湖区,幼儿园
103,杭州市西湖区天虹幼儿园水月园区,西湖区三墩镇温州村,120.092817,30.310479,西湖区,幼儿园
104,文新学前教育集团-文鼎苑幼儿园,西湖区古墩路635号,120.096769,30.297791,西湖区,幼儿园
105,大大树幼儿园,西湖区莫干山路493-1,120.144724,30.286281,西湖区,幼儿园
106,杭州市西子湖幼儿园(之江路),西湖区之江路42-1号,120.118177,30.186366,西湖区,幼儿园
107,浙江省交通运输厅幼儿园,西湖区保m路宝石山下四弄18号,120.149039,30.262591,西湖区,幼儿园
108,浙江省级机关北山幼儿园,西湖区保m路45号,120.150792,30.262292,西湖区,幼儿园
109,杭州市西湖区文苑幼儿园,西湖区紫荆花路106号,120.093889,30.278906,西湖区,幼儿园
110,杭州市西湖区大禹路幼儿园,西湖区,120.080415,30.332536,西湖区,幼儿园
111,杭州市西子湖幼儿园(三台山园区),西湖区三台山路22号附近,120.133978,30.225709,西湖区,幼儿园
112,杭州市西湖区翠苑第二幼儿园,西湖区翠苑新村二区11-2号,120.127833,30.28973,西湖区,幼儿园
113,杭州市西湖区申花路幼儿园(申花路园区),西湖区三墩镇竟舟北路191号,120.098804,30.310447,西湖区,幼儿园
114,杭州市西湖区石灰桥幼儿园,西湖区石灰桥社区11-12号楼之间,120.144896,30.285184,西湖区,幼儿园
115,浙江省省级机关保m幼儿园,西湖区弥陀寺路3号,120.150606,30.265106,西湖区,幼儿园
116,九莲幼儿园,西湖区九莲新村1号,120.1335,30.277547,西湖区,幼儿园
117,文新幼儿园,西湖区古墩路580-2号文新公园,120.099604,30.290199,西湖区,幼儿园
118,华门幼儿园,西湖区教工路316号a座1楼,120.135422,30.29168,西湖区,幼儿园
119,澳美绿园婴幼公馆,西湖区玉古路159号-161号(黄龙体育中心旁、绿园小业主俱乐部内),120.129114,30.265869,西湖区,幼儿园
120,杭州市西湖区紫荆幼儿园诚园园区,西湖区文一西路588号正北方向40米,120.081397,30.290315,西湖区,幼儿园
121,袁浦幼儿园小江分园,西湖区袁浦街82号,120.124234,30.114707,西湖区,幼儿园
122,慧之铭幼儿园,西湖区转塘家园南区光阳大厦二楼,120.08525,30.163346,西湖区,幼儿园
123,西湖区莲花港学前教育集团水晶城幼儿园,西湖区澜玉弄,120.105908,30.159656,西湖区,幼儿园
124,杭州市西湖区袁浦幼儿园,西湖区杭州市西湖区双浦镇兰溪口村450号（袁浦小学西面）,120.119892,30.114565,西湖区,幼儿园
125,艾儿思美式幼儿园(西湖华盛顿园),西湖区古墩路391号,120.099003,30.283354,西湖区,幼儿园
126,启桢幼儿园(普普园区),西湖区西园四路西港白领公寓西南侧约90米,120.069482,30.313427,西湖区,幼儿园
127,青春幼儿园,西湖区,120.061003,30.298988,西湖区,幼儿园
128,杭州市西湖区文溪幼儿园,西湖区崇仁路杭州市西溪实验学校南侧约250米,120.077772,30.284816,西湖区,幼儿园
129,杭州市西湖区转塘幼儿园中村园区,西湖区G320与G320辅路交叉口西南方向60米,120.044858,30.146626,西湖区,幼儿园
130,杭州云谷幼儿园,西湖区,120.034821,30.311864,西湖区,幼儿园
131,妙乐卡梦想幼儿园,西湖区三墩镇欣然街32号紫金梦想广场4号楼,120.065587,30.327308,西湖区,幼儿园
132,南迪初本幼儿园,西湖区西溪路537号钱江西溪和景6幢,120.107339,30.264012,西湖区,幼儿园
133,格林早教园,西湖区紫金港路紫金庭园,120.092751,30.27107,西湖区,幼儿园
134,断桥幼儿园,西湖区宝石山下二弄19号,120.15108,30.261226,西湖区,幼儿园
135,杭州市西湖区河滨幼儿园,西湖区五常港路溪云巷6号,120.061456,30.299124,西湖区,幼儿园
136,杭州市西湖区龙坞幼儿园里桐坞园区,西湖区桐坞东路,120.05328,30.197555,西湖区,幼儿园
137,政苑幼儿园(枫桦东路校区),西湖区双浦镇滨之澜苑二区1-1幢,120.115169,30.148613,西湖区,幼儿园
138,杭州市西湖区花语城幼儿园,西湖区贝家街1号,120.064007,30.33135,西湖区,幼儿园
139,丽景路幼儿园,西湖区之新花苑18幢丽景路,120.095301,30.156835,西湖区,幼儿园
140,初本幼园,西湖区三墩镇榨河巷6号丰盛九玺8幢商铺,120.068141,30.328142,西湖区,幼儿园
141,杭州市西湖区新蕾幼儿园,西湖区转塘街道南村225号,120.095145,30.128694,西湖区,幼儿园
142,杭州市西湖区都市阳光幼儿园,西湖区三墩镇来仁街147号,120.064921,30.338766,西湖区,幼儿园
143,西湖区龙坞幼儿园葛衙庄园区,西湖区龙坞镇葛衙庄路115号西湖实验学校东侧,120.049843,30.181453,西湖区,幼儿园
144,初本幼园丰盛九玺校区,西湖区榨河巷22-24号附近,120.068155,30.328175,西湖区,幼儿园
145,文鼎苑幼儿园宝嘉誉府园区,西湖区西行路62号,120.081658,30.313212,西湖区,幼儿园
146,转塘幼儿园梦园路园区,西湖区梦园街上泗中学,120.06716,30.160023,西湖区,幼儿园
147,杭州初阳幼儿园,西湖区双龙街199号金色西溪4号楼,120.067619,30.291244,西湖区,幼儿园
148,解放军联勤保障部队第九三医院幼儿园,西湖区灵隐路14号,120.119729,30.247014,西湖区,幼儿园
149,龙坞幼儿园龙门坎园区,西湖区龙坞镇龙门坎杨家外里33号,120.034251,30.191059,西湖区,幼儿园
150,杭州市西湖区海鸿幼儿园,西湖区里鸿巷与联鸿街交叉路口北侧(吉鸿家园西区临秀苑),120.071506,30.344523,西湖区,幼儿园
151,祥符艺术幼儿园长阳园区,西湖区三墩路418号星程酒店后面,120.0957,30.324157,西湖区,幼儿园
152,大禹路幼儿园阳光嘉苑园区,西湖区三墩镇周坪路27号,120.069828,30.337624,西湖区,幼儿园
153,小和山幼儿园,西湖区古墩路新安嘉苑小区11幢,120.104693,30.269195,西湖区,幼儿园
154,袁浦幼儿园外张分园,西湖区杭州绕城高速,120.160049,30.11286,西湖区,幼儿园
155,浙江大学之江校区幼儿园,西湖区之江路51号浙江大学之江校区,120.127746,30.193731,西湖区,幼儿园
156,杭州市哆来咪幼儿园,西湖区古墩路369金田花园18幢哆来咪幼儿园,120.097688,30.278321,西湖区,幼儿园
157,陈经纶体育学校幼儿园,西湖区曙光路126号,120.137484,30.265571,西湖区,幼儿园
158,金田小区幼儿园,西湖区西城路五联西苑东北侧约40米,120.097688,30.278321,西湖区,幼儿园
159,茅家埠幼儿园,西湖区西湖风景名胜区西湖街道上茅家埠29-1号,120.123273,30.238126,西湖区,幼儿园
160,名苑幼儿园(嘉银巷),西湖区文三路益乐路嘉绿青苑5幢外围旁,120.112861,30.280208,西湖区,幼儿园
161,三墩幼儿园(建设中),西湖区庄墩路与茹家街交叉口西北100米,120.065003,30.344678,西湖区,幼儿园
162,杭州绿城育华小学,西湖区紫金港路208号,120.086338,30.290406,西湖区,小学
163,西湖小学教育集团西湖小学,西湖区曙光路143号,120.131147,30.253583,西湖区,小学
164,学军小学(求智校区),西湖区求智巷9号杭州市学军小学(求智巷)附近,120.14426,30.281433,西湖区,小学
165,杭州市竞舟小学,西湖区竞舟路221号,120.103223,30.284755,西湖区,小学
166,杭州市三墩小学,西湖区三墩镇振华路11号,120.080448,30.315419,西湖区,小学
167,文苑小学,西湖区竞舟路111号,120.104575,30.279587,西湖区,小学
168,文一街小学,西湖区保m北路88号,120.142503,30.287415,西湖区,小学
169,杭州市嘉绿苑小学,西湖区益乐路,120.113685,30.278066,西湖区,小学
170,杭州市古荡第一小学,西湖区益乐路6-1号,120.117034,30.274147,西湖区,小学
171,行知小学,西湖区学院路行知巷6号,120.130585,30.283874,西湖区,小学
172,杭州市文三街小学,西湖区上宁巷3号,120.144192,30.276748,西湖区,小学
173,杭州市学军小学紫金港校区,西湖区萍水西街198号,120.094907,30.301115,西湖区,小学
174,杭州市长桥小学,西湖区南山路64号,120.153257,30.229072,西湖区,小学
175,杭州市文新小学,西湖区文三西路491号,120.092795,30.272862,西湖区,小学
176,浙江省教育厅教研室附属小学,西湖区高技街6,120.121338,30.285839,西湖区,小学
177,省府路小学秋水苑校区,西湖区丰潭路莲花街108号,120.107351,30.273024,西湖区,小学
178,杭州市西子湖小学,西湖区西湖街道之江路40号,120.117027,30.186423,西湖区,小学
179,浙江大学附属小学,西湖区浙大路18浙大求是社区(浙大路)附近,120.128761,30.261016,西湖区,小学
180,杭州市星洲小学,西湖区蒋村街道紫荆花路288,120.093318,30.289407,西湖区,小学
181,杭州市文一街小学,西湖区政清路,120.101563,30.297296,西湖区,小学
182,文三教育集团定山小学,西湖区灵凤街178号,120.071144,30.140748,西湖区,小学
183,求是(和家园)小学,西湖区杨梅山路261号,120.064598,30.240125,西湖区,小学
184,西湖(府苑)小学,西湖区紫荆花路1号府苑新村内西湖(府苑)小学附近,120.092953,30.268141,西湖区,小学
185,杭州市大禹路小学,西湖区金兰巷2,120.083716,30.32857,西湖区,小学
186,杭州市育才教育集团总校,西湖区黄姑山横路70号,120.131547,30.275168,西湖区,小学
187,求是(之江)二小,西湖区文景路330号,120.094611,30.16088,西湖区,小学
188,杭州市学军小学之江校区,西湖区梦园街188,120.06951,30.161319,西湖区,小学
189,浙江大学之江校区小学,西湖区之江路51号浙江大学之江校区,120.128449,30.193912,西湖区,小学
190,西湖(紫萱)小学,西湖区墩祥路与紫萱路交叉口西北150米,120.06994,30.327071,西湖区,小学
191,杭州市行知小学(文二校区),西湖区文二路281号,120.130838,30.282298,西湖区,小学
192,杭州市周浦小学,西湖区双浦镇周浦周家埭村408号,120.073319,30.099839,西湖区,小学
193,袁浦小学,西湖区双浦镇兰溪口1号,120.12108,30.114187,西湖区,小学
194,杭州市转塘小学(象山校区),西湖区杜家浦路,120.083208,30.154264,西湖区,小学
195,浙江外国语学院附属实验学校,西湖区文新街道文二西路698号,120.087858,30.282102,西湖区,小学
196,浙江省教育技术中心实验小学,西湖区益乐路6-1号,120.116531,30.274043,西湖区,小学
197,浙江外国语学院附属实验小学,西湖区,120.054254,30.239262,西湖区,小学
198,杭州市大禹路小学甲来路校区,西湖区甲来路86号,120.067571,30.33959,西湖区,小学
199,翠苑第一小学(翠苑校区),西湖区文一路375号,120.126909,30.28741,西湖区,小学
200,杭州市文三教育集团文理小学,西湖区金渡北路与公平路交汇处,120.073406,30.333217,西湖区,小学
201,杭州市育才教育集团文溪小学,西湖区凌波路8号,120.055868,30.28002,西湖区,小学
202,之江外语实验学校,西湖区文一西路天河西苑102号,120.105562,30.290625,西湖区,小学
203,杭州市西子湖小学(茅家埠校区),西湖区龙井路76号,120.123142,30.23719,西湖区,小学
204,莫干山路小学教育集团(和苑校区),西湖区竞舟北路附近,120.101924,30.304247,西湖区,小学
205,杭州市翠苑第一小学文华校区,西湖区竞舟路299号,120.102003,30.290753,西湖区,小学
206,杭州市文一街小学秀水校区,西湖区秀里街306号,120.096176,30.322115,西湖区,小学
207,杭州市政苑小学,西湖区三墩镇丰潭路207号政苑小区73,120.101324,30.298006,西湖区,小学
208,求是(西溪)小学,西湖区文一西路578号,120.076992,30.287833,西湖区,小学
209,杭州市竞舟第二小学,西湖区五常港路溪云支巷,120.061021,30.299721,西湖区,小学
210,杭州市九莲小学,西湖区,120.132825,30.279032,西湖区,小学
211,杭州市转塘小学回龙校区,西湖区转塘街道回龙村,120.097605,30.122206,西湖区,小学
212,杭州文理第二小学,西湖区金庄路与联鸿街交叉路口往东北约240米,120.075671,30.343373,西湖区,小学
213,杭州市三墩小学双桥校区,西湖区祥余线三墩小学山桥校区对面,120.040664,30.329902,西湖区,小学
214,杭州市翠苑第二小学,西湖区翠苑三区165号,120.12131,30.29112,西湖区,小学
215,杭州市紫荆花学校,西湖区竞舟路222号,120.104718,30.283954,西湖区,小学
216,杭州市保m塔实验学校(小学部),西湖区体育场路金祝新村28号,120.149559,30.270504,西湖区,小学
217,杭州市西湖小学教育集团,西湖区,120.070518,30.327312,西湖区,小学
218,求是(竞舟)小学,西湖区竞舟路221号,120.103252,30.284745,西湖区,小学
219,杭州市学军小学教育集团云栖小学(建设中),西湖区,120.114345,30.142321,西湖区,小学
220,浙江外国语学院第一附属小学,西湖区文三路140号,120.144227,30.277052,西湖区,小学
221,黄姑山路小学,西湖区黄姑山横路70号育才教育集团,120.131315,30.274639,西湖区,小学
222,杭州市行知第二小学,西湖区双龙街378号,120.061361,30.294324,西湖区,小学
223,浙江大学附属第二小学,西湖区紫金西苑小区西侧,120.06499,30.300978,西湖区,小学
224,杭州市之江第二小学,西湖区文景路330号,120.094995,30.160328,西湖区,小学
225,文三教育集团九莲小学,西湖区影业路55号,120.132766,30.279031,西湖区,小学
226,杭州市钱塘外语学校(小学部),西湖区文二西路88号,120.111842,30.282988,西湖区,小学
227,杭州市嘉绿苑小学(景汇校区),西湖区,120.067965,30.349396,西湖区,小学
228,转塘小学(凌家桥校区),西湖区浮山东路达顺教育转塘镇,120.080785,30.136914,西湖区,小学
229,杭州学军中学西溪校区,西湖区文三路188号,120.139189,30.278365,西湖区,中学
230,杭州学军中学(紫金港校区),西湖区花蒋路,120.067974,30.298083,西湖区,中学
231,杭州师范大学附属中学,西湖区三墩镇振华路5号,120.085319,30.315893,西湖区,中学
232,杭州市西湖高级中学,西湖区西溪路999号,120.061384,30.241297,西湖区,中学
233,杭州市三墩中学,西湖区振华路9号,120.082517,30.315974,西湖区,中学
234,杭州市保m塔实验学校,西湖区天目山路81号,120.149558,30.270504,西湖区,中学
235,杭州丰潭中学,西湖区丰潭路2号,120.1128,30.272573,西湖区,中学
236,杭州市西溪实验学校,西湖区文一西路578号,120.07834,30.288013,西湖区,中学
237,杭州市公益中学,西湖区文二西路698号,120.087993,30.282809,西湖区,中学
238,杭州市第十五中学,西湖区登新公寓,120.090503,30.275715,西湖区,中学
239,浙江大学附属初级中学,西湖区玉古路165号杭州市第十五中学,120.128139,30.266903,西湖区,中学
240,杭州市翠苑中学文华校区,西湖区古墩路580号,120.099294,30.289036,西湖区,中学
241,文溪中学,西湖区春申街15号,120.057221,30.280224,西湖区,中学
242,杭州市嘉绿苑中学,西湖区华星路218号,120.11602,30.279944,西湖区,中学
243,浙江常春藤国际高中,西湖区留下街道小和山支路79号,120.031003,30.213643,西湖区,中学
244,杭州东方中学,西湖区西溪路655-1号,120.088456,30.254313,西湖区,中学
245,长阳中学,西湖区长阳路55号对面,120.094796,30.324312,西湖区,中学
246,杭州外国语学校,西湖区留和路309号,120.03417,30.219534,西湖区,中学
247,杭州周浦中学,西湖区双浦镇三阳村5组,120.076843,30.091413,西湖区,中学
248,杭州仁和实验学校,西湖区之江国家旅游度假区梵村梅灵南路5号,120.09773,30.17683,西湖区,中学
249,杭州市紫金港中学,西湖区古墩路与萍水西路交叉口东南角,120.099668,30.298177,西湖区,中学
250,杭州市袁浦中学,西湖区双浦镇袁浦街1号,120.128839,30.117839,西湖区,中学
251,浙江省杭州第七中学,西湖区镇中路,120.057339,30.148848,西湖区,中学
252,杭州市第十五中学西溪中学,西湖区文新街道文三西路668号,120.090451,30.276369,西湖区,中学
253,浙江大学附属中学,西湖区曙光路91号,120.131434,30.258884,西湖区,中学
254,浙江省杭州第七中学转塘校区,西湖区转塘环山路1号,120.056772,30.14927,西湖区,中学
255,仁和外国语学校,西湖区之江国家旅游度假区梵村梅灵南路5号,120.09723,30.178164,西湖区,中学
256,杭州市西湖第一实验学校,西湖区转塘街道葛衙庄龙新路,120.048563,30.181247,西湖区,中学
257,杭州市保m塔申花实验学校,西湖区竞舟北路189号,120.098996,30.308644,西湖区,中学
258,杭州市弘益中学,西湖区三墩街道金兰巷9号,120.081894,30.328806,西湖区,中学
259,学军中学,西湖区文三路75号,120.139702,30.27746,西湖区,中学
260,杭州市翠苑中学翠苑校区,西湖区,120.12601,30.290304,西湖区,中学
261,杭州市育才外国语学校,西湖区文二西路698号,120.087603,30.282136,西湖区,中学
262,杭州第十三中学（总校）,西湖区翠苑街道教工路155号,120.134293,30.287027,西湖区,中学
263,杭州市之江第一中学(建设中),西湖区珊瑚沙路南侧,120.092842,30.162701,西湖区,中学
264,杭州市钱塘外语学校,西湖区学院路146号,120.130889,30.280852,西湖区,中学
265,杭师院附高新疆部,西湖区三墩振华路5号,120.088165,30.316567,西湖区,中学
266,崇德中学,西湖区蒋村街道双龙街386号,120.059516,30.294297,西湖区,中学
267,杭州之江高中,西湖区留和路533号(小和山高教园),120.010835,30.206278,西湖区,中学
268,杭州市文理中学,西湖区欣然路,120.072467,30.332322,西湖区,中学
269,浙江工业大学附属实验学校,西湖区留下镇杨梅山路388号,120.056777,30.233633,西湖区,中学
270,杭州市上泗中学,西湖区沈横路30号,120.067135,30.161099,西湖区,中学
271,杭州市景汇中学,西湖区联良路8号,120.066516,30.348043,西湖区,中学
272,杭州第一技师学院,西湖区西溪路719号,120.082706,30.252459,西湖区,职业技术学校
273,中国美术学院(梦园教学区),西湖区梦园路18号,120.076371,30.163463,西湖区,职业技术学校
274,浙江体育职业技术学院教工路校区,西湖区教工路49号(近小百花剧院),120.134738,30.278463,西湖区,职业技术学校
275,杭州市陈经纶体育学校,西湖区曙光路126号,120.138079,30.266599,西湖区,职业技术学校
276,杭州财税会计学校,西湖区文一路139号,120.134593,30.287752,西湖区,职业技术学校
277,杭州市西湖职业高级中学(南区),西湖区杭新东路3号,120.083233,30.15878,西湖区,职业技术学校
278,杭州育成专修学校(之江校区),西湖区之江路182号,120.126287,30.193054,西湖区,职业技术学校
279,浙江省职业培训学校,西湖区保m北路52号行政楼105室,120.139138,30.280668,西湖区,职业技术学校
280,杭州计算机学校,西湖区浮山东路1号,120.09011,30.132989,西湖区,职业技术学校
281,浙江特殊教育职业学院,西湖区留下街道留和路527号,120.014642,30.204525,西湖区,职业技术学校
282,杭州汽车发动机厂技工学校,西湖区西湖街道天目山路79号2幢,120.149091,30.271637,西湖区,职业技术学校
283,西湖职高,西湖区转塘美院北路3号与杭新路交叉口,120.083855,30.159317,西湖区,职业技术学校
284,杭州市西湖职业高级中学(北区),西湖区转塘镇杭新东路3号,120.083241,30.159903,西湖区,职业技术学校
285,杭州市电子信息职业学校,西湖区高技街翠苑四区12号,120.123536,30.285197,西湖区,职业技术学校
286,天籁艺术学校(杭州校区),西湖区文二路212号高新大厦12层,120.133925,30.283314,西湖区,职业技术学校
287,达内UI设计学院(杭州西溪中心),西湖区教工路23号百脑汇科技大厦1508室,120.135506,30.274152,西湖区,职业技术学校
288,浙江科技学院-劲柏园,西湖区留和路318号,120.02832,30.21891,西湖区,职业技术学校
289,浙江公路技师学院(老和山校区),西湖区西溪路523号,120.113544,30.268501,西湖区,职业技术学校
290,农业学校,西湖区万向职业技术学院内,120.073786,30.253502,西湖区,职业技术学校
291,杭州建材职工专修学校,西湖区保m北路87号,120.1423,30.285876,西湖区,职业技术学校
292,浙江省体育运动学校,西湖区教工路49号,120.135088,30.278427,西湖区,职业技术学校
293,浙音校卫,西湖区,120.062499,30.157927,西湖区,职业技术学校
294,杭州科技职业技术学院-成教学院,西湖区古荡街道文一西路毛家桥路26号,120.116307,30.286097,西湖区,职业技术学校
295,杭州英联幼儿园,余杭区春漫里60幢2单元303东北方向100米,120.024724,30.358497,余杭区,幼儿园
296,孩盟国际幼托,余杭区北软路1078号越秀星汇尚城小区2幢24-25号,120.121113,30.340827,余杭区,幼儿园
297,五常幼儿园西溪园区,余杭区荆长路38号,120.040786,30.247091,余杭区,幼儿园
298,余杭区安溪幼儿园总园,余杭区安溪路杜城村2号,120.011784,30.404689,余杭区,幼儿园
299,余杭区闲林中心幼儿园方家山园区,余杭区闲林街道联荣路,119.984747,30.21722,余杭区,幼儿园
300,西溪华东园幼儿园,余杭区高教路西溪华东园33幢A,120.018239,30.249168,余杭区,幼儿园
301,中泰中心幼儿园跳头园区,余杭区210县道南100米,119.896141,30.243768,余杭区,幼儿园
302,杭州未来科技城维翰幼儿园,余杭区五常街道高教路968-8号,120.027948,30.273246,余杭区,幼儿园
303,杭师大附属仓前实验幼儿园高桥分园,余杭区祥余线高桥村村委会东北侧,120.019869,30.313879,余杭区,幼儿园
304,良渚七贤幼儿园(歌罗桥园区),余杭区良渚街道大陆村,120.00319,30.33243,余杭区,幼儿园
305,余杭区闲林中心幼儿园西溪源园区,余杭区闲林街道源峰街,119.986239,30.200812,余杭区,幼儿园
306,闲林中心幼儿园,余杭区方家山路132号,119.981991,30.220391,余杭区,幼儿园
307,余杭区凤凰幼儿园,余杭区余杭街道城东路6号,119.953845,30.252285,余杭区,幼儿园
308,余杭区中泰中心幼儿园(总园),余杭区中泰街道石鸽路139号,119.935917,30.237098,余杭区,幼儿园
309,吉的堡英群幼儿园,余杭区绿城桃源小镇内,119.962924,30.233364,余杭区,幼儿园
310,杭州市余杭区3之3闲湖城幼儿园,余杭区闲林东路129西北方向60米,119.991566,30.221415,余杭区,幼儿园
311,人和幼儿园,余杭区五常街道荆长路1号,120.042583,30.239767,余杭区,幼儿园
312,杭师大附属仓前实验幼儿园仓溢园区,余杭区余杭塘南路东莲街999号,119.993399,30.285512,余杭区,幼儿园
313,启蒙幼儿园铭苑园区,余杭区五常街道联胜路江南水乡,120.027072,30.24896,余杭区,幼儿园
314,大观山幼儿园,余杭区华兴路与祥盛线交叉口南50米,119.979604,30.394665,余杭区,幼儿园
315,国泰・西园儿童之家,余杭区禹航路430风都苑,119.947767,30.262721,余杭区,幼儿园
316,康乔岸上蓝山幼儿园,余杭区闲林镇集美岸上蓝山星河苑23栋,120.008336,30.233551,余杭区,幼儿园
317,余杭区仁和第一幼儿园獐山园区,余杭区仁和街道求学路1号,120.087306,30.445989,余杭区,幼儿园
318,余杭区杭运幼儿园北宸园区,余杭区良渚街道兰陵街90号,120.126032,30.341708,余杭区,幼儿园
319,南湖幼儿园教育集团,余杭区城南路651号,119.938022,30.257278,余杭区,幼儿园
320,因尔美幼教,余杭区金昌路2178号301室(城北美食街汉庭酒店旁),120.117099,30.34676,余杭区,幼儿园
321,温莎郡英伦幼儿园,余杭区运溪路121号温莎郡,119.971254,30.257774,余杭区,幼儿园
322,英才新明半岛幼儿园,余杭区天目山西路杭州市余杭区新明半岛英才学校东南侧160米,119.952012,30.240742,余杭区,幼儿园
323,绿城育华翡翠城幼儿园,余杭区闲林镇五常大道与高教路交汇处翡翠城西北区,120.01873,30.24376,余杭区,幼儿园
324,吉的堡幼儿园(水木清华园),余杭区西和路小和山水木清华苑7-1,120.018502,30.218721,余杭区,幼儿园
325,马荣全美凯瑞幼儿园,余杭区绿汀路青枫墅园一期56幢,119.981876,30.259324,余杭区,幼儿园
326,杭州市职高教育集团附属幼儿园,余杭区方家山路125号附近,119.981927,30.220569,余杭区,幼儿园
327,橄榄树幼儿园,余杭区闲林街道余杭区留和路绿野春天东区橄榄树,120.001854,30.205605,余杭区,幼儿园
328,大华西溪风情幼儿园,余杭区文二西路到底大华西溪风情小区内,120.042275,30.277076,余杭区,幼儿园
329,黄湖镇中心幼儿园,余杭区清波村,119.813601,30.439538,余杭区,幼儿园
330,金成英特西溪海幼儿园,余杭区上和路123号,119.982363,30.245225,余杭区,幼儿园
331,闲林白洋畈幼儿园,余杭区闲林街道闲林西路,119.978331,30.230507,余杭区,幼儿园
332,庭院深深幼儿园,余杭区东西大道附近,119.961908,30.244213,余杭区,幼儿园
333,启蒙爵士风情幼儿园,余杭区爵士风情花园日辉苑15幢杨林路,119.991821,30.236592,余杭区,幼儿园
334,余杭区苕溪幼儿园苕溪园区,余杭区余杭街道凤新路,119.952884,30.260921,余杭区,幼儿园
335,红黄蓝亲子园(良渚新城分园),余杭区金昌路2005-204号,120.124379,30.346085,余杭区,幼儿园
336,一米幼儿园,余杭区闲富北路77号庭辉超市对面,119.985508,30.239422,余杭区,幼儿园
337,余杭区良渚七贤幼儿园大陆园区,余杭区良渚街道东西大道,120.02198,30.350199,余杭区,幼儿园
338,美好晨星幼儿园,余杭区瓶窑镇溪东路68号,119.970479,30.368415,余杭区,幼儿园
339,杭州师范大学附属仓前实验幼儿园文泽园区,余杭区仓前街道仓兴街232号,119.994992,30.290118,余杭区,幼儿园
340,绿城育华亲亲幼儿园,余杭区良渚金家渡亲亲家园一期内文涛坊,120.091303,30.335166,余杭区,幼儿园
341,余杭区凤欣幼儿园南安园区,余杭区余杭街道南安路58号,119.940808,30.269013,余杭区,幼儿园
342,杭州市余杭区吴家厍幼儿园,余杭区良运家园32号,120.117961,30.351665,余杭区,幼儿园
343,竹海水韵幼儿园,余杭区闲水路附近,119.982913,30.236916,余杭区,幼儿园
344,西点铭雅幼儿园,余杭区古墩路延伸段铭雅苑东区内,120.085493,30.338443,余杭区,幼儿园
345,五常文福幼儿园西溪水岸园区,余杭区五常街道西溪水岸20幢,120.049586,30.283043,余杭区,幼儿园
346,余杭区五常文福幼儿园福鼎家园园区,余杭区福鼎家园晓风苑21幢,120.030567,30.284091,余杭区,幼儿园
347,巴巴乐园,余杭区文一西路恒生科技园29号楼底层,120.004777,30.279028,余杭区,幼儿园
348,玉鸟幼儿园,余杭区良渚文化村玉鸟流苏苑15幢,120.028555,30.366893,余杭区,幼儿园
349,江南春・闲林山水幼儿园,余杭区云睦街闲林山水小区商业街木兰苑,120.014402,30.233867,余杭区,幼儿园
350,余杭区良渚云华幼儿园玉成园区,余杭区良渚街道玉琮路114号,120.053041,30.37837,余杭区,幼儿园
351,杭州市余杭区良渚向阳幼儿园颐和园区,余杭区良渚街道良居路,120.041666,30.366867,余杭区,幼儿园
352,小芽芽启蒙幼托园,余杭区文一西路城东路口大华海派风范茗园6-18.19,119.953113,30.268614,余杭区,幼儿园
353,杭州市余杭区闲林东路幼儿园,余杭区闲林街道云睦路,119.996827,30.231548,余杭区,幼儿园
354,安溪幼儿园,余杭区安溪路杜城村2号,120.011365,30.40461,余杭区,幼儿园
355,余杭区西塘雅苑幼儿园白洋里园区,余杭区金庄路(上实海上海白洋港城),120.081002,30.346738,余杭区,幼儿园
356,杭州芮蕾幼儿园,余杭区仓前街道景兴路666号,120.004641,30.273688,余杭区,幼儿园
357,仓前镇中心幼儿园(高桥分园),余杭区山仓段与祥长线交叉口西北50米,120.01989,30.313982,余杭区,幼儿园
358,杭师大附属仓前实验幼儿园连具塘分园,余杭区良上线与瓶仓大道交叉路口往西约200米,119.969178,30.340939,余杭区,幼儿园
359,瓶窑镇第二幼儿园前程园区,余杭区瓶窑镇溪东路192号,119.971447,30.36836,余杭区,幼儿园
360,星巢宝贝成长园,余杭区昆华玉府1期西门17-2号,120.042639,30.36723,余杭区,幼儿园
361,国泰西园幼儿园,余杭区禹航路430风都苑,119.94768,30.262757,余杭区,幼儿园
362,余杭区勾庄中心幼儿园金家渡园区,余杭区曹家路69号,120.085339,30.346129,余杭区,幼儿园
363,良渚向阳幼儿园,余杭区良渚街道玉鸟路200号,120.05148,30.362376,余杭区,幼儿园
364,良渚西塘雅苑幼儿园北园,余杭区良渚街道莫干山路1789号附近,120.08127,30.354694,余杭区,幼儿园
365,格格猫童稚园,余杭区东西大道与荆余路交叉口众安学君里商铺,119.963135,30.247533,余杭区,幼儿园
366,杭州明路蔚蓝幼儿园,余杭区绿城未来PARK 6C、6D、7B,120.018086,30.284938,余杭区,幼儿园
367,杭州未来科技城海创幼儿园,余杭区溪望路,120.018848,30.274384,余杭区,幼儿园
368,瓶窑镇第二幼儿园长命园区,余杭区安溪路西50米,120.010382,30.390442,余杭区,幼儿园
369,仁和第二幼儿园新桥分园,余杭区仁和街道新桥村,120.139676,30.455866,余杭区,幼儿园
370,良渚西塘雅苑幼儿园(南园),余杭区良渚街道莫干山路西塘花苑小区2-1号,120.087953,30.347723,余杭区,幼儿园
371,星华幼儿园,余杭区莫干山路2164号,120.056746,30.373452,余杭区,幼儿园
372,南湖幼儿园尚(上文山分园),余杭区上和路21号附近,119.975683,30.242937,余杭区,幼儿园
373,仁和第三幼儿园(东山分园),余杭区红卫路与联合路交叉口东北方向20米,120.099027,30.428746,余杭区,幼儿园
374,余杭区南湖幼儿园(沈家店分园),余杭区余杭街道沈家店西区,119.969544,30.231575,余杭区,幼儿园
375,余杭区仁和第三幼儿园云会园区,余杭区仁和街道云会村西南山南路118号,120.096029,30.409063,余杭区,幼儿园
376,风华因尔美学校,余杭区金昌路2178号3层,120.11687,30.346733,余杭区,幼儿园
377,吉的堡西溪山庄幼儿园,余杭区余杭街道沈家店社区西溪山庄,119.962917,30.233297,余杭区,幼儿园
378,万佳宝贝幼儿园,余杭区余杭街道禹航路1068号万佳国际儿童中心,119.940955,30.280892,余杭区,幼儿园
379,仁和第一幼儿园高新园区,余杭区桂丰路附近,120.11429,30.419481,余杭区,幼儿园
380,中泰中心幼儿园(泰峰分园),余杭区泰富路西50米,119.910655,30.205292,余杭区,幼儿园
381,余杭区仁和第一幼儿园东风园区,余杭区仁和街道东风路(华临建设安置房工地斜对面),120.081849,30.436502,余杭区,幼儿园
382,勾庄中心幼儿园金家渡分园,余杭区曹家路65号附近,120.08522,30.346139,余杭区,幼儿园
383,小海豚幼儿园(荆余路),余杭区禹航路346号通怡花苑17幢,119.950436,30.25823,余杭区,幼儿园
384,余杭区仁和第二幼儿园东塘园区,余杭区仁和街道荡田口29-6,120.122174,30.457452,余杭区,幼儿园
385,绿城育华瑞和幼儿园,余杭区良渚街道瑞和园小区南面,120.051419,30.367231,余杭区,幼儿园
386,星华幼托园,余杭区良渚街道良渚路莫干山路2164号,120.056781,30.37342,余杭区,幼儿园
387,余杭区苕溪幼儿园(上湖园区）,余杭区余杭街道上湖村北门头58号,119.927785,30.27716,余杭区,幼儿园
388,荀山幼儿园,余杭区良渚街道良博路221号,120.04166,30.379699,余杭区,幼儿园
389,仁和中心幼儿园(东山分园),余杭区红卫路和联合路的交叉口附近,120.099058,30.428647,余杭区,幼儿园
390,仁和中心幼儿园(平宅分园),余杭区近郊洪胜线,120.134414,30.439595,余杭区,幼儿园
391,西塘河幼儿园,余杭区西塘河村11号组新塘苑39号,120.070474,30.366708,余杭区,幼儿园
392,彭公村五星幼儿园,余杭区板石24号,119.91796,30.428375,余杭区,幼儿园
393,百丈镇中心幼儿园溪口分园,余杭区百丈镇溪口村,119.771495,30.487507,余杭区,幼儿园
394,余杭镇第一幼儿园(下陡门教学点),余杭区近郊斗姚线,119.924634,30.328629,余杭区,幼儿园
395,百丈镇中心幼儿园,余杭区近郊百甘线,119.730022,30.524998,余杭区,幼儿园
396,阳光宝贝方汇幼儿园,余杭区城南路322方汇花苑,119.94751,30.256082,余杭区,幼儿园
397,中泰中心幼儿园车口畈分园,余杭区近郊中泰乡,119.888632,30.207949,余杭区,幼儿园
398,杭州市余杭区鑫鑫幼儿园,余杭区丁公路天阳棕榈湾北侧约240米,120.08187,30.363353,余杭区,幼儿园
399,勾庄中心幼儿园(中星桥分园),余杭区良渚镇,120.112701,30.383407,余杭区,幼儿园
400,杭州市余杭区良渚喜羊羊幼儿园,余杭区勾庄浅港头勾运路,120.098733,30.355178,余杭区,幼儿园
401,瓶窑镇第一幼儿园,余杭区瓶窑镇凤溪路349号第一幼儿园,119.972026,30.390058,余杭区,幼儿园
402,勾庄中心幼儿园肇和分园,余杭区良渚街道勾庄博园路2号,120.100044,30.377194,余杭区,幼儿园
403,余杭镇第二幼儿园义桥分园,余杭区舟家岭65号,119.896071,30.29562,余杭区,幼儿园
404,西点天阳幼儿园,余杭区良渚勾庄天阳棕榈湾东侧,120.088795,30.361419,余杭区,幼儿园
405,金舟城幼儿园,余杭区径山镇长乐村径东路43号,119.856694,30.337472,余杭区,幼儿园
406,鸬鸟镇中心幼儿园,余杭区鸬鸟镇雅城村236号,119.759536,30.452854,余杭区,幼儿园
407,小不点托儿所(新兴路),余杭区新兴路106号,119.972775,30.392302,余杭区,幼儿园
408,彭公中心幼儿园,余杭区郎家井20,119.923109,30.40867,余杭区,幼儿园
409,白云深处幼儿园,余杭区余杭街道上和路,119.972092,30.243234,余杭区,幼儿园
410,花漾美美国际儿童之家,余杭区闲林街道竹海水韵东南口春风里4-7,119.984159,30.237445,余杭区,幼儿园
411,杭州市余杭区仁和第一幼儿园永泰园区,余杭区獐八线,120.085997,30.481631,余杭区,幼儿园
412,宜荷幼儿园,余杭区联创街奥克斯创智一号7、8、9、10号楼,120.019559,30.286309,余杭区,幼儿园
413,Rainey Kindergarten,余杭区景兴路与永兴路交叉口北约100米,120.004565,30.274033,余杭区,幼儿园
414,余杭区中泰中心幼儿园罗兰园区,余杭区石横线,119.919449,30.234239,余杭区,幼儿园
415,余杭区苕溪幼儿园上和园区,余杭区余杭街道金成青少年宫西侧,119.967758,30.239922,余杭区,幼儿园
416,五常第二幼儿园（花城园区）,余杭区五常街道西溪花城小区17幢,120.034618,30.25312,余杭区,幼儿园
417,五常第一幼儿园（雅苑园区）,余杭区五常街道西溪雅苑小区15-1号,120.048664,30.245164,余杭区,幼儿园
418,五常第二幼儿园（庭院园区）,余杭区五常街道西溪庭院小区17幢,120.023719,30.231461,余杭区,幼儿园
419,五常第一幼儿园(耦园园区),余杭区五常街道洪园社区耦园小区11-1号,120.044006,30.268787,余杭区,幼儿园
420,仓前云溪幼儿园连具塘园区,余杭区余杭良上线与瓶仓大道交界口往西200米,119.969204,30.340913,余杭区,幼儿园
421,余杭区南湖幼儿园尚美园区,余杭区,119.962037,30.239991,余杭区,幼儿园
422,五常第一幼儿园溪水园园区,余杭区五常街道荆长路602号,120.043053,30.285053,余杭区,幼儿园
423,五常第二幼儿园西坝路园区,余杭区五常街道西坝路40号,120.03576,30.250115,余杭区,幼儿园
424,杭州市余杭区贝贝幼儿园,余杭区闲林街道良睦路394号,120.00796,30.232865,余杭区,幼儿园
425,仓前云溪幼儿园(永乐园区),余杭区仓前街道长松街126号,119.95685,30.279254,余杭区,幼儿园
426,杭州市余杭区未来科技城海辰幼儿园,余杭区文良路,119.983972,30.265288,余杭区,幼儿园
427,余杭区凤欣幼儿园永建园区,余杭区余杭街道洪桐村,119.930488,30.300279,余杭区,幼儿园
428,余杭区勾庄中心幼儿园古墩路园区,余杭区白洋港路266号,120.079362,30.350632,余杭区,幼儿园
429,瓶窑第一幼儿园(塘埠分园),余杭区,119.878732,30.418182,余杭区,幼儿园
430,杭州师范大学附属仓前实验幼儿园(景苑园区),余杭区余杭塘路2520号,119.995279,30.282298,余杭区,幼儿园
431,瓶窑镇第一幼儿园(五星分园),余杭区彭卸线,119.917864,30.428192,余杭区,幼儿园
432,杭运幼儿园(昌运里分园),余杭区良渚昌运里6-8号,120.130938,30.344022,余杭区,幼儿园
433,余杭区良渚杭行幼儿园谢村园区,余杭区良渚街道通运街112号,120.129943,30.345392,余杭区,幼儿园
434,瓶窑镇南山幼儿园总园,余杭区瓶窑镇上窑街2号,119.967578,30.388769,余杭区,幼儿园
435,余杭区杭运幼儿园金恒德园区,余杭区金恒路运河锦庭南侧约190米,120.118073,30.362705,余杭区,幼儿园
436,余杭区凤栖幼儿园,余杭区余杭区余杭街道城西路（凤凰山公园）,119.937695,30.253633,余杭区,幼儿园
437,闲林白洋畈幼儿园翡翠分园,余杭区高教路中国农业银行(杭州翡翠城支行)西北侧约240米,120.019764,30.244535,余杭区,幼儿园
438,浙江大学幼儿园白马园区,余杭区白马山庄,120.014524,30.217771,余杭区,幼儿园
439,贝初国际早教托育中心,余杭区南北乐章17幢,119.969528,30.372358,余杭区,幼儿园
440,杭师大附属仓前实验幼儿园乾仓园区,余杭区仓前街道乾仓街188号,119.99819,30.291003,余杭区,幼儿园
441,七贤星幼儿园,余杭区七贤山居17幢,120.007106,30.350891,余杭区,幼儿园
442,余杭区凤欣幼儿园(凤欣园区),余杭区余杭街道禹航路209-1号,119.948487,30.255187,余杭区,幼儿园
443,北湖绿洲幼儿园,余杭区瓶窑镇绿洲花园23-1,119.979214,30.378666,余杭区,幼儿园
444,杭师大附属仓前实验幼儿园吴山分园,余杭区仓前街道吴山村上寡线,119.980616,30.316182,余杭区,幼儿园
445,余杭安溪幼儿园(洪桐分园),余杭区余斗线,119.929338,30.305437,余杭区,幼儿园
446,文福幼儿园西溪水岸园区,余杭区,120.049315,30.283114,余杭区,幼儿园
447,闲林海文幼儿园和睦分园,余杭区金家浜,120.001743,30.253134,余杭区,幼儿园
448,科德未来幼儿园,余杭区联创街188号,120.024996,30.289579,余杭区,幼儿园
449,杭州市余杭区肯思幼儿园,余杭区中泰街道国文路1号,119.918455,30.24518,余杭区,幼儿园
450,孝慈水木清华幼儿园,余杭区西和路小和山水木清华苑7-1,120.01849,30.218477,余杭区,幼儿园
451,上湖幼儿园,余杭区余杭街道上湖村北门头58号,119.927781,30.277129,余杭区,幼儿园
452,闲林中心幼儿园黄坡岭园区,余杭区闲林街道文卫路32号,119.982653,30.214116,余杭区,幼儿园
453,CAMBRIDGE KINDERGARTEN,余杭区,120.008467,30.233706,余杭区,幼儿园
454,邻家宝贝・睿智园,余杭区中泰路罗兰小镇2-22号,119.922017,30.237383,余杭区,幼儿园
455,余杭区良渚七贤幼儿园东风园区,余杭区良渚街道七贤山居168号,120.008573,30.351038,余杭区,幼儿园
456,径山镇中心幼儿园,余杭区径山镇求是路,119.878523,30.378574,余杭区,幼儿园
457,耦园幼儿园,余杭区洪园社区耦园小区11-1幢,120.044071,30.268744,余杭区,幼儿园
458,南湖幼儿园尚艺分园,余杭区天目山西路与城东路交叉口(新明半岛门口),119.954582,30.245651,余杭区,幼儿园
459,因尔美幼教园,余杭区余杭街道城东路4号,119.953129,30.25066,余杭区,幼儿园
460,余杭区瓶窑镇南山幼儿园(北湖分园),余杭区瓶窑镇南山村李王堂36号正东方向110米,119.954101,30.388646,余杭区,幼儿园
461,贝尔乐幼儿园(陈章线),余杭区良诸街道南庄兜东苑,120.121974,30.383718,余杭区,幼儿园
462,余杭区良渚云华幼儿园玉崇园区,余杭区杜文路与康良街交叉路口往北约280米,120.041486,30.371165,余杭区,幼儿园
463,径山镇长乐幼儿园,余杭区径山镇长乐青少年素质教育基地斜对面,119.853253,30.335511,余杭区,幼儿园
464,毛墩坝幼儿园蔬菜种植,余杭区红卫路,120.099828,30.429488,余杭区,幼儿园
465,余杭区仁和第三幼儿园双陈园区,余杭区勾陈线与疏港公路交叉路口往南120米,120.101563,30.396599,余杭区,幼儿园
466,七贤郡幼儿园,余杭区良渚文化村七贤郡东区,120.00633,30.347166,余杭区,幼儿园
467,余杭清水湾幼儿园,余杭区210县道,119.920584,30.238243,余杭区,幼儿园
468,国泰・盛世嘉园幼儿园,余杭区天目山西路99号盛世嘉园小区内,120.025612,30.234498,余杭区,幼儿园
469,余杭区南湖幼儿园(下陡门分园),余杭区南湖幼儿园(余斗线东),119.924501,30.328969,余杭区,幼儿园
470,瓶窑镇第二幼儿园花园园区,余杭区瓶窑镇学达路89号,119.977885,30.368273,余杭区,幼儿园
471,杭州市余杭区安溪幼儿园(新星分园),余杭区安上线良渚镇安溪中心小学新星完小,120.05378,30.418504,余杭区,幼儿园
472,余杭区仁和第三幼儿园木克桥园区,余杭区仁和街道木克桥67号楼木克桥幼儿园,120.080386,30.405555,余杭区,幼儿园
473,仁和幼儿园东山分园,余杭区联合路与红卫路交叉口,120.099046,30.428785,余杭区,幼儿园
474,杭州市余杭区绿苑幼儿园,余杭区瓶窑镇绿园村63号,119.970162,30.399338,余杭区,幼儿园
475,仁和第二幼儿园平宅园区,余杭区仁和镇平宅村,120.134525,30.439627,余杭区,幼儿园
476,云会中心小学,余杭区仁和镇西南山北路,120.089679,30.420385,余杭区,小学
477,东塘中心小学东塘校区,余杭区仁和镇东塘村邵家塘55号,120.115337,30.453131,余杭区,小学
478,仁和中心小学,余杭区仁和镇求学路,120.088205,30.446505,余杭区,小学
479,闲林和睦小学,余杭区闲林镇,120.006435,30.244546,余杭区,小学
480,双陈小学,余杭区勾陈线附近,120.101675,30.396587,余杭区,小学
481,金成外国语小学,余杭区天目山西路203号,120.011903,30.235132,余杭区,小学
482,仓前中心小学吴山校区,余杭区上寡线附近,119.979562,30.316373,余杭区,小学
483,良渚第二小学,余杭区博园西路222号,120.099219,30.376508,余杭区,小学
484,中泰中心小学,余杭区中泰街道中泰路37号,119.925568,30.239627,余杭区,小学
485,蔚澜学校,余杭区高教路,120.026077,30.273585,余杭区,小学
486,余杭市良渚镇石桥小学,余杭区石桥头119,120.053681,30.398254,余杭区,小学
487,百丈镇中心小学,余杭区竹城路附近,119.733865,30.519191,余杭区,小学
488,杭州师范大学附属学校,余杭区荆长大道520号,120.040188,30.266728,余杭区,小学
489,东塘中心小学,余杭区仁和镇,120.128065,30.456758,余杭区,小学
490,闲林小学西溪源校区,余杭区西溪源村,119.993082,30.204997,余杭区,小学
491,太炎小学,余杭区余杭街道通北路,119.933502,30.277249,余杭区,小学
492,勾庄中心小学,余杭区良渚街道勾庄蒋家塘路28号,120.085658,30.351204,余杭区,小学
493,杭行路小学运河校区,余杭区杭行路7号,120.115747,30.356963,余杭区,小学
494,东方未来学校小学部,余杭区曹家路168号,120.084711,30.34733,余杭区,小学
495,余杭区良渚古墩路小学,余杭区良渚街道白洋路与金汇南路交叉口西北50米,120.078467,30.348907,余杭区,小学
496,大禹小学(永建校区),余杭区余义线和余方线交汇处,119.93138,30.299741,余杭区,小学
497,仁和中心学校,余杭区,120.093702,30.435168,余杭区,小学
498,未来科技城海辰小学,余杭区仓前街道文良路,119.984532,30.263163,余杭区,小学
499,闲林中心小学,余杭区,119.98318,30.21855,余杭区,小学
500,良渚镇肇和小学,余杭区博园西路222号,120.099842,30.376514,余杭区,小学
501,良渚第一小学,余杭区良渚东方西路121号,120.049658,30.376123,余杭区,小学
502,鸬鸟镇中心小学,余杭区鸬鸟镇雅城村碧山头1-3号,119.779731,30.46649,余杭区,小学
503,鸬鸟镇中心小学(太平校区),余杭区近郊上万线,119.751278,30.427032,余杭区,小学
504,未来科技城海辰小学,余杭区仓前街道文良路,119.984532,30.263163,余杭区,小学
505,良渚第一小学(北秀校区),余杭区康良街(玉城北侧约50米),120.045922,30.368217,余杭区,小学
506,杭州市杭行路小学谢村校区,余杭区良渚街道通运街和通益路口,120.129573,30.344068,余杭区,小学
507,杭州市余杭区良渚沈括小学,余杭区良渚街道良运街399号,120.099982,30.352751,余杭区,小学
508,余杭区瓶窑镇长命中心小学,余杭区瓶窑镇长命桥,120.006258,30.385026,余杭区,小学
509,黄湖镇中心小学,余杭区黄湖镇清波村迂前南路13号,119.811832,30.441947,余杭区,小学
510,余杭区仁和中心小学永泰校区,余杭区仁和镇獐山永泰村,120.085513,30.481498,余杭区,小学
511,镇上湖小学,余杭区科技大道镇上湖小学附近,119.919205,30.276851,余杭区,小学
512,瓶窑一小教育集团(崇化校区),余杭区瓶窑镇蒿山头,119.96833,30.357137,余杭区,小学
513,余杭区五常中心小学(西溪校区),余杭区荆长路39号,120.040756,30.246693,余杭区,小学
514,良渚第三小学,余杭区安上线附近,120.013137,30.404767,余杭区,小学
515,北湖中心小学,余杭区瓶窑镇南山村李王堂36号,119.953611,30.389068,余杭区,小学
516,杭州师范大学附属仓前实验小学,余杭区仓兴街348-2号,119.990956,30.288918,余杭区,小学
517,镇舟枕小学,余杭区余杭街道义桥村西杨梅岭11号,119.892795,30.290996,余杭区,小学
518,杭州市余杭区瓶窑镇彭公中心小学,余杭区杨梅坞社区彭公集镇周家畈62号,119.903993,30.415996,余杭区,小学
519,余杭区大禹小学,余杭区城东路298号,119.953286,30.262493,余杭区,小学
520,百丈镇中心小学(溪口分校),余杭区溪安线百丈镇中心幼儿园溪口分园,119.771791,30.489643,余杭区,小学
521,浙江外国语学院附属云会小学(双陈校区),余杭区仁和大道与二号路交叉路口,120.104987,30.402927,余杭区,小学
522,舟枕小学(上湖校区),余杭区科技大道(镇上湖小学),119.919229,30.276854,余杭区,小学
523,未来科技城第三小学,余杭区溪望路,120.017455,30.273457,余杭区,小学
524,东风小学,余杭区东风路(仁良花苑南侧约50米),120.079889,30.434835,余杭区,小学
525,闲林中心小学里项校区,余杭区留和路延伸段到底(绿野春天西区对面),119.992499,30.204392,余杭区,小学
526,安溪中心小学,余杭区安上线,120.053767,30.418369,余杭区,小学
527,良渚街道中心学校,余杭区东西大道,120.022623,30.350413,余杭区,小学
528,仓前云溪小学,余杭区仓前街道留泽街398号,119.954738,30.27531,余杭区,小学
529,一诺学校习之堂中小学部,余杭区瓶窑镇羊城路77号吴江大润发四楼一诺学校,119.978252,30.374843,余杭区,小学
530,瓶窑镇第一小学羊山校区,余杭区瓶窑镇溪东路193号,119.972137,30.375603,余杭区,小学
531,凤凰小学(城南校区),余杭区余杭街道城南路352号,119.945545,30.256035,余杭区,小学
532,英特西溪外国语学校,余杭区上和路125号,119.983344,30.244804,余杭区,小学
533,径山镇双溪中心小学,余杭区双溪村水磨苑西区106号,119.826498,30.407488,余杭区,小学
534,良渚七贤小学,余杭区良渚街道爬饲2号,120.01696,30.346813,余杭区,小学
535,余杭区凤凰小学(城东校区),余杭区城南路3号(余杭街道办事处东边),119.954054,30.257207,余杭区,小学
536,瓶窑镇第一小学,余杭区瓶窑镇教学路40号(教学路和新窑路交叉口向南50米),119.970044,30.391846,余杭区,小学
537,余杭区长命中心小学(祟化校区),余杭区蒿仓线附近,119.968376,30.357434,余杭区,小学
538,绿城育华亲亲学校(古墩路分校),余杭区金庄支路余杭区良渚古墩路小学,120.078021,30.348317,余杭区,小学
539,余杭区径山镇潘板中心小学,余杭区径山镇求是村塘东2-1号,119.877927,30.373752,余杭区,小学
540,杭州市余杭区良山学校棕榈湾校区,余杭区丁公路附近,120.081845,30.363738,余杭区,小学
541,杭州市余杭区未来科技城海曙小学,余杭区西溪北苑北区,120.031616,30.291188,余杭区,小学
542,径山镇潘板中心小学漕桥分校,余杭区毛潘线附近,119.879508,30.364544,余杭区,小学
543,余杭区云会中心小学(章桥校区),余杭区G25长深高速,120.116369,30.402545,余杭区,小学
544,良渚第一小学教育集团石桥校区,余杭区石桥头119号,120.053403,30.398542,余杭区,小学
545,余杭中学,余杭区文一西路2228号,119.964351,30.266627,余杭区,中学
546,杭州英特外国语学校,余杭区上和路1号,119.973799,30.241328,余杭区,中学
547,闲林中学,余杭区文卫路26-1附近,119.981578,30.219322,余杭区,中学
548,杭州安吉路良渚实验学校,余杭区大陆路附近,120.019011,30.351138,余杭区,中学
549,黄湖中学,余杭区黄湖镇兴黄路1号,119.811432,30.441047,余杭区,中学
550,杭州市瓶窑中学,余杭区瓶窑里窑街150号,119.962598,30.394385,余杭区,中学
551,杭州市城西中学,余杭区闲林东路3号,120.010931,30.228537,余杭区,中学
552,径山中学,余杭区径山镇求是村,119.878579,30.37727,余杭区,中学
553,瓶窑第一中学,余杭区瓶窑镇瓶仓大道沿山路,119.975681,30.371263,余杭区,中学
554,杭师大附属五常中学,余杭区荆长大道520号,120.042269,30.272753,余杭区,中学
555,余杭区太炎中学,余杭区凤新路81号,119.939362,30.261266,余杭区,中学
556,杭州学军中学海创园校区,余杭区余杭街道荆余路379号,119.966154,30.249438,余杭区,中学
557,杭州市余杭文昌高级中学,余杭区余杭街道太炎路67号,119.930527,30.275387,余杭区,中学
558,未来科技城海辰中学,余杭区仓前街道水乡北路,119.982079,30.261879,余杭区,中学
559,余杭第一中学,余杭区庄墩路与白洋港路交叉口东南方100米,120.078783,30.352867,余杭区,中学
560,浙江外国语学院实验学校,余杭区凤新路81号,119.940088,30.260153,余杭区,中学
561,浙江外国语学院实验学校,余杭区通北路与小东门路交叉路口西侧,119.934501,30.279636,余杭区,中学
562,中泰武术学校,余杭区中泰街道新泰村八角亭,119.910416,30.226779,余杭区,中学
563,浙江外国语学院附属仁和中学,余杭区仁河大道1-3,120.089379,30.448591,余杭区,中学
564,余杭区太炎中学(城北校区),余杭区小东门路49号,119.934359,30.279579,余杭区,中学
565,杭州市余杭区新理想高级中学,余杭区仁和街道仁河大道2-1号,120.086284,30.450133,余杭区,中学
566,余杭镇第一中学教育集团(太炎校区),余杭区余杭镇小东门路49号,119.934423,30.279801,余杭区,中学
567,杭州师范大学附属仓前实验中学,余杭区仓兴街348-1号,119.993555,30.290749,余杭区,中学
568,杭州市余杭区中泰中学(新校区),余杭区中泰街道南湖东路与元宝路交叉口,119.940681,30.237677,余杭区,中学
569,蔚澜学校,余杭区高教路,120.026077,30.273585,余杭区,中学
570,余杭市第一中学教育集团太炎校区教学楼(南),余杭区余杭镇小东门路49号,119.934935,30.280328,余杭区,中学
571,杭州育海外国语学校,余杭区闲林东路,119.996725,30.230294,余杭区,中学
572,杭州市余杭区良渚第一中学,余杭区良渚街道荀真路1号,120.038462,30.375043,余杭区,中学
573,蒲公英学校,余杭区长命村,120.005226,30.383059,余杭区,中学
574,五常中学,余杭区荆长大道520号,120.043664,30.271963,余杭区,中学
575,余杭第一中学,余杭区庄墩路与白洋港路交叉口东南方100米,120.078783,30.352867,余杭区,中学
576,中国人民大学附属中学,余杭区国文路1号,119.920455,30.245226,余杭区,中学
577,余杭区径山第一中学,余杭区径山中学(毛潘线东),119.878573,30.377267,余杭区,中学
578,杭州绿城育华桃花源学校,余杭区中泰街道桃源社区梅花山36-1号,119.952577,30.23856,余杭区,中学
579,浙江杭州肯思外籍人员子女学校,余杭区国文路3号,119.92082,30.246466,余杭区,中学
580,杭州市余杭区新明半岛英才学校,余杭区新明半岛,119.950008,30.240962,余杭区,中学
581,绿城育华亲亲学校(古墩路分校),余杭区金庄支路余杭区良渚古墩路小学,120.078021,30.348317,余杭区,中学
582,中国人民大学附属中学杭州学校,余杭区国文路1号,119.92066,30.245206,余杭区,中学
583,杭州市余杭区良山学校棕榈湾校区,余杭区丁公路附近,120.081845,30.363738,余杭区,中学
584,信达教育集团杭州东澜外国语学校,余杭区仁河大道与鲤头山路交叉口西北100米,120.093447,30.435332,余杭区,中学
585,杭州师范大学附属实验学校(建设中),余杭区城东路东狮路,119.954578,30.272127,余杭区,中学
586,余杭区良渚第二中学,余杭区良渚街道勾庄棕榈路103号,120.090344,30.361357,余杭区,中学
587,杭州余杭东方未来学校,余杭区勾庄金家渡北路王家塘路180号,120.083896,30.34627,余杭区,中学
588,浙江交通职业技术学院,余杭区莫干山路1515号,120.08793,30.343687,余杭区,职业技术学校
589,杭州现代技工学校,余杭区金星工业园华一路6号,119.973255,30.273291,余杭区,职业技术学校
590,浙江东南外国语职业学校(创意园中心校区),余杭区天目山西路355号,119.973789,30.237409,余杭区,职业技术学校
591,杭州市良渚职业高级中学,余杭区莫干山路2347号,120.051288,30.375627,余杭区,职业技术学校
592,杭州市闲林职业高级中学,余杭区闲林镇闲富路12号,119.982424,30.222004,余杭区,职业技术学校
593,杭州现代汽修学校,余杭区金星工业园(文一西路与东西大道交叉口)华一路6号,119.973947,30.273478,余杭区,职业技术学校
594,杭州华力维修学校,余杭区丰岭路7号,120.034707,30.240317,余杭区,职业技术学校
595,东方绿康健康管理学院,余杭区龙潭路6号,119.987346,30.276569,余杭区,职业技术学校
596,浙江东南外国语职业学校,余杭区G56杭瑞高速附近,119.973727,30.237807,余杭区,职业技术学校
597,浙江省机电技师学院(杭州校区),余杭区五常大道181号,120.025039,30.243811,余杭区,职业技术学校
598,瓶窑镇教育指导和社区教育中心学校,余杭区,119.972664,30.392907,余杭区,职业技术学校
599,杭州绿康介护职业学校,余杭区龙潭路6号(杭州师范大学科园对面),119.987226,30.276692,余杭区,职业技术学校
600,杭州市广播电视中等专业学校(东司校区),余杭区老西线与祥大线交叉路口往北约290米,120.069477,30.374636,余杭区,职业技术学校
601,杭州新东方烹饪学校,余杭区富豪路6号,120.008645,30.377762,余杭区,职业技术学校
602,梅湖国际幼儿园,义乌市江东街道宾王路299号梅湖体育馆篮球馆,120.109151,29.31312,义乌市,幼儿园
603,佳童幼儿园(童店路),义乌市童店新村1区15栋3单元,120.052334,29.285401,义乌市,幼儿园
604,小天使幼儿园(物华路二街),义乌市荷叶塘物华路13号,120.110863,29.367453,义乌市,幼儿园
605,蒙正幼儿园,义乌市廿三里街道王店东区6-8号,120.189295,29.338468,义乌市,幼儿园
606,守真幼儿园(何界分园),义乌市后宅街道北站四区73栋,120.043339,29.368704,义乌市,幼儿园
607,中天幼儿园,义乌市后宅汽车城对面(北站四区)123幢,120.043038,29.363619,义乌市,幼儿园
608,乐民幼儿园,义乌市北苑街道杨街小区158幢1号,120.045112,29.351363,义乌市,幼儿园
609,后宅幼儿园,义乌市后宅街道黄宁路70号,120.059423,29.373988,义乌市,幼儿园
610,望道路幼儿园,义乌市北苑街道柳一村五区63栋,120.044015,29.340287,义乌市,幼儿园
611,柳青幼儿园,义乌市丹溪北路与柳青路交汇处南路东,120.047318,29.344068,义乌市,幼儿园
612,贝贝幼儿园,义乌市上溪镇上塘自然村5栋,119.931567,29.27329,义乌市,幼儿园
613,飞翔幼儿园,义乌市下金村83号,120.005661,29.245993,义乌市,幼儿园
614,新光幼儿园,义乌市流下二区39栋,119.96176,29.294242,义乌市,幼儿园
615,龙回红五星幼儿园,义乌市龙回新村b区31幢,120.023568,29.287682,义乌市,幼儿园
616,双馨幼儿园,义乌市求真路660号,119.981446,29.298225,义乌市,幼儿园
617,金村幼儿园,义乌市中金村373号,120.00865,29.247339,义乌市,幼儿园
618,起点幼儿园,义乌市商城大道兴港小区62幢,120.090902,29.333858,义乌市,幼儿园
619,望陇幼儿园,义乌市江东街道江东赤塘新村12幢附近,120.108685,29.296647,义乌市,幼儿园
620,洪华凯旋幼儿园,义乌市后宅街道洪华新村40幢,120.076412,29.354727,义乌市,幼儿园
621,桥头幼儿园(东黄线),义乌市夏桥街116号5楼,119.970593,29.289798,义乌市,幼儿园
622,义乌乐福蒙特梭利幼儿教育园所,义乌市稠城街道江滨中路368-1号,120.078125,29.294848,义乌市,幼儿园
623,叮叮幼儿园,义乌市市桥东街桥东三区五栋,120.09136,29.301542,义乌市,幼儿园
624,杜元幼儿园,义乌市后宅街道杜元小区65幢,120.064365,29.362314,义乌市,幼儿园
625,义乌市赤岸镇毛店幼儿园,义乌市赤岸镇毛店村毛店中学旁,119.997776,29.098545,义乌市,幼儿园
626,贝贝星幼儿园,义乌市全村127号,119.986178,29.241294,义乌市,幼儿园
627,下朱幼儿园,义乌市振兴西路77号2-5室附近,120.132246,29.329382,义乌市,幼儿园
628,聪明泉幼儿园,义乌市稠下线与立密线交叉路口往南约250米,120.111097,29.406194,义乌市,幼儿园
629,小叮当幼儿园,义乌市上溪镇馨苑小区百安街东侧21号楼,119.944805,29.284157,义乌市,幼儿园
630,云门幼儿园,义乌市文明北路15号,119.934767,29.282866,义乌市,幼儿园
631,新蕾幼儿园(望道路),义乌市北苑拥军一区19幢,120.051588,29.322307,义乌市,幼儿园
632,曹村幼儿园,义乌市曹村村370号,120.020224,29.374359,义乌市,幼儿园
633,象山幼儿园,义乌市稠江街道象山社区青春路666号,120.002644,29.271153,义乌市,幼儿园
634,青口幼儿园,义乌市江东街道青口东区9幢,120.129802,29.312959,义乌市,幼儿园
635,启智幼儿园(北苑路),义乌市北苑街道春晗四区5幢,120.067102,29.333557,义乌市,幼儿园
636,欧景幼儿园,义乌市稠江街道稠江街道贝村路,120.040006,29.275081,义乌市,幼儿园
637,小红花幼儿园(柳莺路),义乌市柳莺路60号,120.048577,29.341958,义乌市,幼儿园
638,保联幼儿园,义乌市春江路126号,120.077187,29.296672,义乌市,幼儿园
639,畅想幼儿园,义乌市甘三里街道汽车南站宝路,120.178791,29.325163,义乌市,幼儿园
640,下湾幼儿园,义乌市江东街道下湾村三区19栋,120.152683,29.318831,义乌市,幼儿园
641,百合幼儿园(稠下线),义乌市苏溪镇西山下839号,120.1664,29.39025,义乌市,幼儿园
642,湖门幼儿园,义乌市后宅街道下余山村5幢,120.044838,29.396665,义乌市,幼儿园
643,小天使幼儿园,义乌市稠江街道下沿塘,120.011122,29.273692,义乌市,幼儿园
644,康乐幼儿园(香港城一街),义乌市联运路13巷10号,120.084837,29.307727,义乌市,幼儿园
645,蓝天幼儿园(镇南西路),义乌市公园村85,120.171871,29.324323,义乌市,幼儿园
646,西何幼儿园,义乌市后宅街道G235辅路,120.053405,29.369487,义乌市,幼儿园
647,夏演幼儿园,义乌市城西街道夏演村夏桥街41号,119.970792,29.293006,义乌市,幼儿园
648,小白鸽幼儿园,义乌市廿三里镇信联街82号,120.168278,29.325801,义乌市,幼儿园
649,义乌市赤岸镇朱店幼儿园,义乌市义武公路(尚阳小学东南侧约150米),119.969123,29.094163,义乌市,幼儿园
650,永胜幼儿园,义乌市永胜小区106幢1号,120.107596,29.30525,义乌市,幼儿园
651,竞争幼儿园,义乌市佛堂镇田心一村108号,120.02373,29.177759,义乌市,幼儿园
652,红果果幼儿园,义乌市义杭线东50米,119.961449,29.203632,义乌市,幼儿园
653,江南街幼儿园,义乌市佛堂镇江南街,120.047738,29.235316,义乌市,幼儿园
654,聪聪幼儿园,义乌市也是苏溪胡宅横街28幢,120.12759,29.415344,义乌市,幼儿园
655,下骆宅第二幼儿园,义乌市稠城街道振兴西路16号,120.13826,29.332019,义乌市,幼儿园
656,金城高尔夫幼儿园,义乌市金城高尔夫二期20栋,120.069076,29.357426,义乌市,幼儿园
657,世纪阳光幼儿园(塔下洲社区卫生服务站西北),义乌市塔下洲路7幢附近,120.047507,29.269115,义乌市,幼儿园
658,七彩山口幼儿园,义乌市山口村江东街道82幢,120.113329,29.294323,义乌市,幼儿园
659,小太阳幼儿园(惠购生活购物中心西),义乌市九联综合市场七幢2层,120.058571,29.270109,义乌市,幼儿园
660,爱德幼儿园,义乌市下西线荷叶塘初中旁、春风大道西侧,120.12427,29.377162,义乌市,幼儿园
661,金色桥梁幼儿园,义乌市经发大道376号,120.039402,29.299651,义乌市,幼儿园
662,义乌市赤岸镇中心幼儿园,义乌市赤岸镇石城路10号,120.036629,29.151163,义乌市,幼儿园
663,下西陶幼儿园,义乌市苏溪镇下西陶七区63号,120.123253,29.372273,义乌市,幼儿园
664,爱弥儿亲幼一体园,义乌市听涛南路9,120.118316,29.370391,义乌市,幼儿园
665,义乌市上溪镇吴店幼儿园,义乌市吴店吴萧路学生巷21-1号,119.912391,29.258697,义乌市,幼儿园
666,溪北小太阳幼儿园,义乌市苏溪镇溪北村65号,120.164513,29.415895,义乌市,幼儿园
667,楂林幼儿园,义乌市八坑线中国邮政储蓄银行楂林邮政储蓄所东北侧约270米,120.14731,29.47151,义乌市,幼儿园
668,齐山楼阳光幼儿园,义乌市苏溪镇齐山楼新村,120.14306,29.416958,义乌市,幼儿园
669,小金鱼幼儿园,义乌市苏八线大陈镇李孟宅村卫生室旁,120.130519,29.459635,义乌市,幼儿园
670,义乌市苏溪油碑塘幼儿园,义乌市苏溪镇油碑塘村28幢,120.139258,29.408361,义乌市,幼儿园
671,糖糖宝贝幼儿园,义乌市苏溪镇王界村(欧意电器正对面),120.142865,29.400767,义乌市,幼儿园
672,贝斯特幼儿园,义乌市季宅二区45幢,120.030276,29.309802,义乌市,幼儿园
673,季宅幼儿园(摇篮分园),义乌市西城路1683号附近,120.033535,29.304587,义乌市,幼儿园
674,新世纪幼儿园(城店路),义乌市城店路180号,120.056664,29.29547,义乌市,幼儿园
675,童星幼儿园,义乌市苏溪大道与荷叶塘立交桥交叉路口往东北约80米,120.123174,29.383306,义乌市,幼儿园
676,绣川幼儿园,义乌市绣湖广场金鲤坊1号世纪联华旁古建筑内,120.071678,29.302773,义乌市,幼儿园
677,塘西幼儿园(金塘路店),义乌市塘西社区18幢1单元,119.919427,29.260778,义乌市,幼儿园
678,蓝星幼儿园,义乌市许宅行政村5号,120.054267,29.24203,义乌市,幼儿园
679,江北幼儿园(永康路),义乌市新院永康路221号对面,120.134525,29.416104,义乌市,幼儿园
680,永新幼儿园(永康路),义乌市苏溪永康路128号,120.133644,29.417124,义乌市,幼儿园
681,婷婷幼儿园,义乌市大陈镇八里桥头溪南小区25号,120.129314,29.443976,义乌市,幼儿园
682,堂阁三维幼儿园,义乌市稠城街道堂阁村40号堂阁购物中心,120.110172,29.384567,义乌市,幼儿园
683,殿口幼儿园,义乌市西城路殿口村菜市场东侧约50米,119.996873,29.294108,义乌市,幼儿园
684,李塘幼儿园,义乌市廿三里街道李塘村,120.18707,29.365765,义乌市,幼儿园
685,红苹果幼儿园(稠大线),义乌市苏溪镇人民北路146号,120.1324,29.41892,义乌市,幼儿园
686,义乌市荷叶塘幼儿园,义乌市荷叶塘听涛路8号亚细亚,120.118178,29.370655,义乌市,幼儿园
687,尚经幼儿园,义乌市稠城街道紫金北路,120.137995,29.363296,义乌市,幼儿园
688,义乌市苏溪镇花厅幼儿园,义乌市苏溪镇花厅村B区7-8号,120.15707,29.415807,义乌市,幼儿园
689,西山下幼儿园,义乌市苏溪镇西山下村,120.165901,29.39234,义乌市,幼儿园
690,义乌市义亭镇王阡幼儿园,义乌市义亭镇王阡二村39号,119.94697,29.230944,义乌市,幼儿园
691,万里幼儿园,义乌市西城路,120.034922,29.303256,义乌市,幼儿园
692,义乌市实验幼儿园,义乌市稠城街道宾王商贸区五街169号,120.087768,29.308833,义乌市,幼儿园
693,福颖幼儿园,义乌市贝村路308号,120.058063,29.293708,义乌市,幼儿园
694,乐哈哈幼儿园,义乌市武岩路义乌市廿三里镇后乐村村民委员会东北侧约270米,120.181093,29.32067,义乌市,幼儿园
695,大陈镇中心幼儿园,义乌市大陈镇团结村,120.114865,29.455055,义乌市,幼儿园
696,义乌市稠江中心幼儿园,义乌市枫华路100号,120.044706,29.300763,义乌市,幼儿园
697,遗安幼儿园,义乌市城北路J180号义乌国际商贸学校东南85米(近义乌市国际商贸学校),120.06579,29.350797,义乌市,幼儿园
698,红黄蓝亲子园,义乌市商城大道拨浪鼓花园10幢一单元,120.164858,29.335127,义乌市,幼儿园
699,信达幼儿园(苏溪园),义乌市苏溪镇苏新街8号,120.135671,29.392634,义乌市,幼儿园
700,商贸幼儿园,义乌市福田二区59幢1号,120.100667,29.333925,义乌市,幼儿园
701,银海鑫焕幼儿园,义乌市工人北路银海2区12栋2单元2楼,120.105339,29.341847,义乌市,幼儿园
702,童之梦幼儿园(春月路),义乌市北苑下仓拥军五区33栋,120.041618,29.32408,义乌市,幼儿园
703,爱咪儿幼儿园,义乌市北苑街道农贸城建设三村58幢,120.065,29.307841,义乌市,幼儿园
704,万商华府幼儿园,义乌市圣寿路义乌市望道中学东侧约140米,119.980772,29.295811,义乌市,幼儿园
705,国贸幼儿园,义乌市城中北路福田二区28号,120.100205,29.337106,义乌市,幼儿园
706,嘉鸿幼儿园,义乌市北苑街道春晗南路358号,120.0424,29.314297,义乌市,幼儿园
707,小太阳幼儿园(北苑街道),义乌市建设二村19幢1-2号,120.068062,29.311083,义乌市,幼儿园
708,凤凰双语幼儿园,义乌市香山路387巷凤凰山小区22栋,120.065001,29.293689,义乌市,幼儿园
709,聪聪早教园,义乌市苏溪镇红旗路9号,120.130858,29.412432,义乌市,幼儿园
710,上胡幼儿园,义乌市上胡村386,119.94696,29.194593,义乌市,幼儿园
711,青苹果幼儿园,义乌市福田街道东大鲁村15栋,120.104103,29.371361,义乌市,幼儿园
712,寺口蒋幼儿园,义乌市义乌市上溪镇寺口蒋村(四海大道旁),119.921173,29.23756,义乌市,幼儿园
713,义亭未来之星幼儿园,义乌市义亭镇市场东路2号,119.967878,29.235073,义乌市,幼儿园
714,义乌市梅园幼儿园,义乌市民主路202号,120.07247,29.295821,义乌市,幼儿园
715,佛堂镇幼儿园,义乌市佛堂镇双林路366号,120.032408,29.203075,义乌市,幼儿园
716,希望幼儿园(幸福路),义乌市北苑街道幸福路10号,120.052744,29.30469,义乌市,幼儿园
717,义乌市北苑丹溪幼儿园,义乌市北苑街道丹溪一区3幢,120.063667,29.3186,义乌市,幼儿园
718,金喇叭幼儿园(环徐线),义乌市前流新村58,120.039574,29.239957,义乌市,幼儿园
719,大陈第一幼儿园,义乌市大陈镇镇中北路49号对面,120.098433,29.463123,义乌市,幼儿园
720,时代花园幼稚园优幼儿童馆,义乌市丹溪北路527号,120.058827,29.32155,义乌市,幼儿园
721,新希望幼儿园,义乌市紫金北路(东方扑克有限公司旁),120.135297,29.357586,义乌市,幼儿园
722,新岸幼儿园,义乌市苏溪镇朝阳街28号,120.135458,29.412126,义乌市,幼儿园
723,毛陈幼儿园,义乌市佛堂镇毛陈村四组,120.005768,29.190703,义乌市,幼儿园
724,萌芽幼儿园(宏迪路),义乌市稠城街道宏迪路25号,120.063486,29.299154,义乌市,幼儿园
725,佛堂镇合作幼儿园,义乌市江东路合作小学南侧,120.030378,29.22624,义乌市,幼儿园
726,哆哆熊幼儿园,义乌市通宝路202号,120.14034,29.313377,义乌市,幼儿园
727,畈田朱幼儿园,义乌市畈吴线畈田朱村村民委员会西侧约100米,119.930593,29.209598,义乌市,幼儿园
728,心声幼儿园,义乌市大士路39号,120.041756,29.191968,义乌市,幼儿园
729,麻车塘幼儿园,义乌市开元北街156号附近,120.168188,29.347545,义乌市,幼儿园
730,童店幼儿园,义乌市童店二区10栋1号,120.051629,29.284242,义乌市,幼儿园
731,团结幼儿园(大陈大道),义乌市大陈镇团结别墅区第四排,120.111887,29.456633,义乌市,幼儿园
732,贝贝幼儿园(渡磬北路),义乌市佛堂镇渡馨北路38号,120.011012,29.203948,义乌市,幼儿园
733,希星幼儿园,义乌市稠城街道孝子祠小区29幢1号,120.084014,29.313475,义乌市,幼儿园
734,红黄蓝亲子园(义乌店),义乌市北门街316号二楼,120.075105,29.311614,义乌市,幼儿园
735,青岩刘幼儿园,义乌市江东街道青岩刘B区3栋1单元403室,120.089582,29.286598,义乌市,幼儿园
736,绣湖幼儿园(建设二村东北),义乌市建设二村68号(建设二村东北),120.069028,29.312775,义乌市,幼儿园
737,佛堂镇第二幼儿园,义乌市佛堂镇道院路46号,120.024242,29.200291,义乌市,幼儿园
738,启明星幼儿园,义乌市赤岸镇雪峰路4号,120.032241,29.144171,义乌市,幼儿园
739,义乌市宾王幼儿园,义乌市宗泽路236-238号,120.092941,29.32121,义乌市,幼儿园
740,稠关幼儿园,义乌市稠关新村二街51号,120.056034,29.30087,义乌市,幼儿园
741,红苗幼儿园,义乌市福田街道下骆宅紫金一区C25栋(阳光大道边上),120.143698,29.332797,义乌市,幼儿园
742,3之3江滨幼儿园,义乌市大成路江滨小区旁,120.013846,29.193915,义乌市,幼儿园
743,星光幼儿园,义乌市佛堂镇新苗巷30号(赞美超市门口往老街走50米)育才学校教导处,120.019562,29.200637,义乌市,幼儿园
744,金华市义乌市义亭二幼幼儿园,义乌市义亭镇学生路11号,119.961412,29.235548,义乌市,幼儿园
745,阳光幼儿园(黄杨梅一街),义乌市黄杨梅一街16号4附近,120.051416,29.309364,义乌市,幼儿园
746,嘟嘟熊幼儿园,义乌市涌金大道b23号,120.107082,29.36334,义乌市,幼儿园
747,义乌市江东街道供店幼儿园,义乌市供电村1号,120.043892,29.242549,义乌市,幼儿园
748,红太阳幼儿园,义乌市红旗路8号,120.13058,29.41237,义乌市,幼儿园
749,新新中心幼儿园,义乌市苏溪镇联合村,120.150582,29.435718,义乌市,幼儿园
750,盐光亲子园,义乌市龚大塘三区43栋1楼,120.086488,29.287459,义乌市,幼儿园
751,优凯幼儿园,义乌市江东街道南下朱A区36栋,120.125876,29.318775,义乌市,幼儿园
752,学苑幼儿园(红太阳分园),义乌市X705与稠下线交叉口西北方向190米,120.125468,29.412566,义乌市,幼儿园
753,稠山幼儿园,义乌市北苑街道稠山1区103幢2单元,120.059255,29.338068,义乌市,幼儿园
754,七彩临江幼儿园,义乌市临江南门街后成一区五栋,120.078957,29.289614,义乌市,幼儿园
755,义乌市福田哈尼宝贝幼儿园,义乌市福田街道宗宅三区44幢,120.118174,29.3567,义乌市,幼儿园
756,义乌市惠思顿幼儿园,义乌市宗泽北路莲塘四区88号,120.064102,29.341573,义乌市,幼儿园
757,义乌市北苑金典幼儿园,义乌市畈东村175幢,120.028095,29.313137,义乌市,幼儿园
758,艺馨幼儿园,义乌市振兴西路紫金二区西南侧约180米,120.132295,29.329328,义乌市,幼儿园
759,佛堂江滨幼儿园,义乌市大成路388号,120.013844,29.193909,义乌市,幼儿园
760,太阳城幼儿园,义乌市江东东路与商博路交叉口西北方向100米,120.120454,29.314488,义乌市,幼儿园
761,义乌市幸福里幼儿园,义乌市后宅街道遗安二区,120.075129,29.351556,义乌市,幼儿园
762,义乌市万厦御园幼儿园,义乌市江东东路和东苑路交叉口,120.134943,29.319707,义乌市,幼儿园
763,义乌市胜利幼儿园,义乌市香山路190号,120.064822,29.302121,义乌市,幼儿园
764,站溪第二分园,义乌市东洲路东洲小学西侧约230米,120.114952,29.308742,义乌市,幼儿园
765,未来之星幼儿园,义乌市义亭镇市场东路2号,119.967888,29.23507,义乌市,幼儿园
766,实龙岗北3Q MRC幼稚园姐妹园,义乌市昌盛路149号附近,120.002698,29.271244,义乌市,幼儿园
767,北京红缨幼儿园连锁,义乌市清溪东路与东苑路交叉路口往西约50米,120.135983,29.314389,义乌市,幼儿园
768,新时代幼儿园,义乌市环南路义乌市夏演小学北侧约280米,119.969649,29.295498,义乌市,幼儿园
769,义乌市新丝路学校附属幼儿园,义乌市北苑路140号,120.049474,29.321326,义乌市,幼儿园
770,安博幼儿园,义乌市,120.171445,29.346626,义乌市,幼儿园
771,彩虹幼儿园,义乌市江东街道徐村后山巷8号,120.053602,29.25301,义乌市,幼儿园
772,爱伦宝群星外国语幼儿园,义乌市西城路242附近,120.067526,29.321187,义乌市,幼儿园
773,阳光幼儿园(稠州北路店),义乌市宗宅B区31栋,120.113309,29.357491,义乌市,幼儿园
774,义乌市佛堂镇小星星幼儿园,义乌市佛堂镇小吴溪33幢,120.019617,29.194945,义乌市,幼儿园
775,义乌市苏溪镇小机灵幼儿园,义乌市苏溪镇人民南路100号,120.127023,29.407787,义乌市,幼儿园
776,义乌市河畔幼儿园,义乌市稠城街道新马路211号,120.072169,29.31518,义乌市,幼儿园
777,义乌市苏溪镇中心幼儿园,义乌市苏溪镇好派路151号,120.141623,29.403514,义乌市,幼儿园
778,米德幼儿园,义乌市稠江街道下门2区55栋,120.043739,29.282824,义乌市,幼儿园
779,宋庆龄幼儿园,义乌市稠江街道童店路88号,120.054014,29.281203,义乌市,幼儿园
780,七彩虹幼儿园,义乌市柳青十区32号楼5单元212,120.042091,29.345638,义乌市,幼儿园
781,东方之辰幼儿园,义乌市经发大道黎明村稠明路32号(文化大礼堂对面),120.048261,29.292884,义乌市,幼儿园
782,锦都豪苑幼儿园,义乌市稠江街道江滨西路89号(江滨路、香山路锦都豪苑小区内),120.064064,29.288153,义乌市,幼儿园
783,爱的宝幼儿园,义乌市廿三里街道上社2区15幢,120.179311,29.331318,义乌市,幼儿园
784,上溪镇上楼宅幼儿园,义乌市上溪镇上佛线附近,119.938975,29.258786,义乌市,幼儿园
785,佛堂二幼双林分园,义乌市双林路29号附近,120.022049,29.205472,义乌市,幼儿园
786,义乌市时代花园优幼幼稚园,义乌市时代花园丹溪3区1栋,120.059415,29.320157,义乌市,幼儿园
787,义乌市稠江大拇指幼儿园,义乌市稠江街道江湾曲江路12号,120.025983,29.255335,义乌市,幼儿园
788,五星幼儿园,义乌市西站大道五星塘22号,119.989672,29.314644,义乌市,幼儿园
789,博哈金宝宝幼儿园,义乌市福田街道福田三区51栋,120.100489,29.337555,义乌市,幼儿园
790,美洋洋幼儿园,义乌市北苑街道青莲二区53栋,120.067464,29.342368,义乌市,幼儿园
791,金典幼儿园,义乌市四季路畈东小区,120.028099,29.313123,义乌市,幼儿园
792,艾蒙托幼中心,义乌市通惠门路11号附近,120.075406,29.30971,义乌市,幼儿园
793,青青银河幼儿园,义乌市黎明湖路114附近,120.052045,29.271321,义乌市,幼儿园
794,万嘉幼儿园,义乌市义亭镇陈家新村118号,119.961258,29.233203,义乌市,幼儿园
795,南洲幼儿园,义乌市东山头86幢,120.061311,29.260721,义乌市,幼儿园
796,义乌市城西街道中心幼儿园,义乌市伏龙山南路33号6-8西北方向139米,119.987327,29.28964,义乌市,幼儿园
797,青苗幼儿园,义乌市青口南区41栋,120.130899,29.307864,义乌市,幼儿园
798,义乌市机关实验幼儿园,义乌市稠州中路381号(梅园菜市场对面),120.072264,29.295614,义乌市,幼儿园
799,卡璐璐幼儿园,义乌市黄杨梅一街50号附近,120.047556,29.308911,义乌市,幼儿园
800,永祥国学幼儿园,义乌市稠江街道楼下村凤栖街A58号,120.057328,29.284492,义乌市,幼儿园
801,ABC早教园,义乌市稠江街道杨三村25幢,120.03978,29.288265,义乌市,幼儿园
802,蒲公英幼儿园(工人北路),义乌市工人北路南陈新村13幢,120.087981,29.319738,义乌市,幼儿园
803,楼下村幼儿园,义乌市稠江街道昌德路123,120.055503,29.282895,义乌市,幼儿园
804,义乌市稠州幼儿园芽芽楼,义乌市通惠门路16号义乌市稠州幼儿园,120.076754,29.307931,义乌市,幼儿园
805,米兰幼儿园,义乌市武康路210号,120.171289,29.350996,义乌市,幼儿园
806,香山幼儿园・王阡分园幼儿园,义乌市义亭镇王阡一村605号,119.945573,29.235531,义乌市,幼儿园
807,义乌市凌云幼儿园,义乌市北苑街道凌云2区66号(85幢对面),120.051655,29.352802,义乌市,幼儿园
808,陶启智幼儿园,义乌市上溪镇吴肖路17号(吴店小学对面),119.911074,29.259021,义乌市,幼儿园
809,经发幼儿园,义乌市戚继光路香山小学教育集团杨村校区西侧,120.042544,29.292152,义乌市,幼儿园
810,中洋幼儿园,义乌市义亭镇鲍宅村西119号,119.977319,29.232823,义乌市,幼儿园
811,喜洋洋幼儿园,义乌市廿三里街道王店西区71号,120.186716,29.340968,义乌市,幼儿园
812,义乌市海关路幼儿园,义乌市城北路60号一楼,120.085705,29.333004,义乌市,幼儿园
813,雪贝尔幼儿园,义乌市大湖头村76号,120.156962,29.321083,义乌市,幼儿园
814,义亭镇中心幼儿园,义乌市义亭镇后张村,119.9559,29.242208,义乌市,幼儿园
815,鑫灿幼儿园,义乌市诚信三区27幢,120.118535,29.348422,义乌市,幼儿园
816,开心幼儿园(口岸路),义乌市陶界岭小区20,120.095568,29.33947,义乌市,幼儿园
817,成红幼儿园,义乌市北苑街道青溪三区78幢,120.066781,29.347458,义乌市,幼儿园
818,东洲第二幼儿园,义乌市江东街道东洲流云苑7幢1室,120.111984,29.305922,义乌市,幼儿园
819,向日葵幼儿园,义乌市遗安村二区3幢,120.074803,29.351812,义乌市,幼儿园
820,龙回智慧幼儿园,义乌市永贸路龙回实验小学东侧约190米,120.020248,29.290672,义乌市,幼儿园
821,江南幼儿园,义乌市区20幢,120.074138,29.286492,义乌市,幼儿园
822,乐乐幼儿园(文化市场服装步行街),义乌市义驾山西街28号附近,120.092051,29.311247,义乌市,幼儿园
823,苏溪镇后山坞幼儿园,义乌市苏溪镇开发区里宅村8幢,120.141901,29.389096,义乌市,幼儿园
824,小青青幼儿园,义乌市龙行路1号,119.998975,29.262576,义乌市,幼儿园
825,前店幼儿园,义乌市森屋村75号,120.104967,29.38088,义乌市,幼儿园
826,义乌市大陈镇东塘幼儿园,义乌市霖溪东路大陈镇东塘小学东南侧约160米,120.172072,29.497667,义乌市,幼儿园
827,未来幼儿园(西城路),义乌市复兴社区望道路16-3号,120.055638,29.306453,义乌市,幼儿园
828,扬帆幼儿园,义乌市四海大道八角井小区西北侧约270米,120.023139,29.28767,义乌市,幼儿园
829,大塘下幼儿园(大塘下二区东),义乌市大塘下2区37幢,120.079776,29.335897,义乌市,幼儿园
830,绿泡泡幼儿园,义乌市神舟路附近,120.054591,29.361613,义乌市,幼儿园
831,学雅幼儿园,义乌市稠江街道杨二村10幢,120.037417,29.289683,义乌市,幼儿园
832,杨二幼儿园,义乌市稠江街道杨村二区39栋,120.038429,29.290496,义乌市,幼儿园
833,天成幼儿园,义乌市龙回新村一区20栋,120.020862,29.292881,义乌市,幼儿园
834,育苗幼儿园,义乌市稠江街道后申塘1区13号楼,120.025203,29.281265,义乌市,幼儿园
835,安安幼儿园,义乌市后申塘村2区14栋,120.02419,29.280472,义乌市,幼儿园
836,拨浪鼓幼儿园,义乌市诚信二区30幢1号,120.116771,29.346658,义乌市,幼儿园
837,七色花幼儿园,义乌市八角井13幢1号,120.026731,29.284388,义乌市,幼儿园
838,博哈幼儿园,义乌市下朱宅祥民路122号,120.171097,29.319742,义乌市,幼儿园
839,春晗幼儿园(春晗二区南),义乌市春晗二区87幢,120.070691,29.333252,义乌市,幼儿园
840,北站幼儿园,义乌市义乌市北站一区五栋,120.049996,29.367207,义乌市,幼儿园
841,博雅幼儿园,义乌市江东街道后园村150号,120.050213,29.245193,义乌市,幼儿园
842,荷店塘幼儿园,义乌市义亭镇矿机一路4号楼,119.977263,29.243684,义乌市,幼儿园
843,晨润幼儿园,义乌市江东街道黎明湖路327号,120.062992,29.268858,义乌市,幼儿园
844,北苑街道路北幼儿园,义乌市春晗二区109幢,120.072366,29.333181,义乌市,幼儿园
845,安心幼儿园,义乌市赵宅二区11幢3-5号,120.095897,29.317436,义乌市,幼儿园
846,艺星幼儿园(城店路),义乌市城店路稠江街道童店二区63幢,120.047976,29.283544,义乌市,幼儿园
847,古塘幼儿园,义乌市佛堂镇古塘村,120.040555,29.219742,义乌市,幼儿园
848,冯氏・汇思顿,义乌市稠城街道工人北路991号,120.102238,29.335969,义乌市,幼儿园
849,西谷幼儿园,义乌市西谷村37栋1单元,120.137032,29.302082,义乌市,幼儿园
850,义乌市江东街道九联幼儿园,义乌市江东街道江东南路693巷18号,120.058547,29.27096,义乌市,幼儿园
851,星星幼儿园,义乌市江东街道九联西赵村99号,120.040206,29.254757,义乌市,幼儿园
852,启航幼儿园鲇溪第二分园,义乌市东洲路121-127号,120.114943,29.308726,义乌市,幼儿园
853,育深幼儿园,义乌市九联黄古头19,120.055388,29.267663,义乌市,幼儿园
854,家家幼儿园(贝村路),义乌市城店南路723号,120.040845,29.278817,义乌市,幼儿园
855,天之蓝幼儿园(蓝天分园),义乌市福田街道北下朱46幢,120.130833,29.327239,义乌市,幼儿园
856,新江村幼儿园,义乌市城西街道西俞村,120.00018,29.316541,义乌市,幼儿园
857,聪明宝贝幼儿园(商城大道),义乌市廿三里石柱下38幢2单元,120.16099,29.334744,义乌市,幼儿园
858,展苑幼儿园,义乌市东新屋村清溪东路,120.136096,29.314539,义乌市,幼儿园
859,星火幼儿园,义乌市星火马村四季二区31幢,120.049607,29.317734,义乌市,幼儿园
860,东苑幼儿园,义乌市江东街道江东东路505号,120.1293,29.316221,义乌市,幼儿园
861,新思维幼儿园,义乌市丹溪北路丹溪二区32幢,120.059294,29.323762,义乌市,幼儿园
862,下王幼儿园,义乌市东洲路235号,120.121457,29.311308,义乌市,幼儿园
863,佳爱幼儿园,义乌市望道路259号,120.050835,29.318947,义乌市,幼儿园
864,国际村幼儿园,义乌市北苑街道春晗南路216号,120.043279,29.311008,义乌市,幼儿园
865,快乐宝贝幼儿园(景三路),义乌市拥军路与景三路交叉口湘贵人家旁,120.051795,29.337604,义乌市,幼儿园
866,杨村幼儿园,义乌市稠江街道经发大道附近,120.041932,29.29367,义乌市,幼儿园
867,东洲第一幼儿园,义乌市江东街道东洲眺雨苑10幢1室,120.119461,29.308519,义乌市,幼儿园
868,鑫苑幼儿园(支路一),义乌市诚信一区53幢1号,120.114291,29.346952,义乌市,幼儿园
869,浙江大学幼儿园(江东分园),义乌市前成小区28栋,120.079596,29.282497,义乌市,幼儿园
870,稠江向荣幼儿园,义乌市松门山东区9幢,120.051389,29.29326,义乌市,幼儿园
871,义乌市稠城中心幼儿园,义乌市城中中路57-7号,120.08031,29.30496,义乌市,幼儿园
872,胜于蓝幼儿园,义乌市凯吉路211-215号,120.040517,29.303319,义乌市,幼儿园
873,稠江街道大水畈幼儿园,义乌市稠江街道大水畈村7栋大水畈幼儿园,120.046476,29.300494,义乌市,幼儿园
874,小螺号幼儿园(稠江路),义乌市稠江路4巷1号,120.088599,29.30716,义乌市,幼儿园
875,青青江滨幼儿园,义乌市稠城街道江滨中路下埠头10幢,120.077531,29.295063,义乌市,幼儿园
876,大风车幼儿园(江滨中路),义乌市稠城街道篁园新村12幢1号(近江滨中路),120.080812,29.296726,义乌市,幼儿园
877,义乌市江东街道快乐幼儿园,义乌市篁园路233号,120.089221,29.293911,义乌市,幼儿园
878,双双幼儿园(东洲路),义乌市新光南路23号,120.13438,29.309998,义乌市,幼儿园
879,蓝蓝幼儿园(东苑路),义乌市平海路52号候儿村店面4幢4号正东方向140米,120.14521,29.305964,义乌市,幼儿园
880,信达幼儿园,义乌市上溪镇信达路8号,119.924196,29.270124,义乌市,幼儿园
881,快乐天使幼儿园(楼下村路),义乌市楼下村路48-50,120.056885,29.284959,义乌市,幼儿园
882,金苹果早教园,义乌市工人北路1066号银海二区25幢,120.105802,29.343141,义乌市,幼儿园
883,星空幼儿园(春晗路),义乌市莲塘三区1幢,120.066066,29.338336,义乌市,幼儿园
884,新科幼儿园(新科路),义乌市新科路新科花园b区5幢,120.035908,29.288682,义乌市,幼儿园
885,大路金成红幼儿园,义乌市戚继光路大路金小区27幢,120.031554,29.283322,义乌市,幼儿园
886,阳光幼儿园(东畈路),义乌市东畈村东畈路45号,120.033145,29.280923,义乌市,幼儿园
887,米朗幼儿园,义乌市下傅小区100幢3号,120.067956,29.279206,义乌市,幼儿园
888,小博士幼儿园(环城北路),义乌市北苑街道凌云3区62幢,120.052179,29.357089,义乌市,幼儿园
889,现代名人幼儿园,义乌市望道路179-2号现代花园,120.051076,29.312975,义乌市,幼儿园
890,黎明幼儿园(戚继光路),义乌市黎明村稠明路90号,120.046236,29.292411,义乌市,幼儿园
891,乖宝宝幼儿园(九号路),义乌市崮山路春晗3区56号楼,120.061472,29.33275,义乌市,幼儿园
892,未来星幼儿园(北站大道),义乌市后宅街道城北路附近,120.054095,29.379318,义乌市,幼儿园
893,东方之珠幼儿园,义乌市龚大塘一区41,120.082426,29.292005,义乌市,幼儿园
894,诚信幼儿园,义乌市草塘沿路与稠州北路交叉路口往东约100米(诚信一区),120.114405,29.350775,义乌市,幼儿园
895,新艺幼儿园(中厦国际广场A座东南),义乌市兴中小区25幢10号,120.100797,29.32013,义乌市,幼儿园
896,心连心幼儿园(银海路),义乌市九如堂村16号,120.134357,29.340809,义乌市,幼儿园
897,世纪阳光幼儿园(环城南路),义乌市九联塔下洲新村B区5幢(近环城南路),120.052324,29.264238,义乌市,幼儿园
898,育才幼儿园(城店路),义乌市稠州西路230巷1-5号,120.058846,29.298286,义乌市,幼儿园
899,赤岸幼儿园,义乌市文化路53号,120.03827,29.145296,义乌市,幼儿园
900,许村幼儿园(徐佛线),义乌市徐佛线许宅村村民委员会北侧约210米,120.054297,29.24193,义乌市,幼儿园
901,新塘下幼儿园,义乌市下骆宅,120.136434,29.341579,义乌市,幼儿园
902,金桥人家幼儿园,义乌市廿三里街道金桥小区22幢1号,120.166104,29.32983,义乌市,幼儿园
903,义乌市江东中心幼儿园,义乌市江南四区55栋1号,120.074859,29.282873,义乌市,幼儿园
904,南环幼儿园,义乌市江南三区92幢,120.086102,29.28376,义乌市,幼儿园
905,方舟幼儿园(越阳一区南),义乌市越阳二区三幢(江东客运站对面),120.087483,29.291454,义乌市,幼儿园
906,厚富幼儿园,义乌市厚富小区36幢,120.063951,29.345673,义乌市,幼儿园
907,新一代幼儿园(东河店),义乌市城西街道西站一区22幢,119.985841,29.313896,义乌市,幼儿园
908,开心幼儿园(夏荷路),义乌市北苑街道四季四区37幢,120.047468,29.316821,义乌市,幼儿园
909,义乌市稠州幼儿园,义乌市通惠门路16号,120.076706,29.308484,义乌市,幼儿园
910,黎明幼儿园(黎明湖路),义乌市九联工业区孔村,120.070691,29.265748,义乌市,幼儿园
911,江东幼儿园,义乌市,120.079585,29.282506,义乌市,幼儿园
912,官塘下幼儿园,义乌市富港大道官塘下下店村6号,120.022058,29.269474,义乌市,幼儿园
913,复兴幼儿园,义乌市黄杨梅路复兴一区36号楼,120.056912,29.312007,义乌市,幼儿园
914,商博幼儿园,义乌市江东东路459号附近(下朱C区东南),120.123029,29.315577,义乌市,幼儿园
915,何界幼儿园(支路三店),义乌市后宅街道北站三区72幢,120.044976,29.368238,义乌市,幼儿园
916,何宅幼儿园,义乌市廿三里上江益,120.189984,29.30907,义乌市,幼儿园
917,大元幼儿园,义乌市江东街道大元村,120.145451,29.294953,义乌市,幼儿园
918,毛店幼儿园,义乌市毛店村9,120.043199,29.253992,义乌市,幼儿园
919,义乌市廿三里街道中心幼儿园,义乌市廿三里信联街22号,120.168591,29.327291,义乌市,幼儿园
920,宗塘幼儿园,义乌市宗塘二区88幢,120.10737,29.299071,义乌市,幼儿园
921,义乌市城西镇夏演新时代幼儿园,义乌市环南路附近,119.969603,29.295446,义乌市,幼儿园
922,城西街道东河幼儿园,义乌市工商街110号,119.993162,29.307719,义乌市,幼儿园
923,义乌市上溪幼儿园,义乌市文明北路68号,119.935949,29.284512,义乌市,幼儿园
924,益公山幼儿园,义乌市益公山西区5栋,119.984851,29.29152,义乌市,幼儿园
925,颖颖幼儿园(稠岭线),义乌市稠江街道新屋新村9栋颖颖幼儿园,120.036328,29.270238,义乌市,幼儿园
926,娃哈哈幼儿园,义乌市廿三里街道公园村34号(中共廿三里街道工作委员会东南),120.172214,29.325411,义乌市,幼儿园
927,欣欣向荣幼儿园(黎明湖路),义乌市江东街道青岩傅村,120.090407,29.265458,义乌市,幼儿园
928,福田幼儿园(长春六街),义乌市长春二区48幢,120.096682,29.33059,义乌市,幼儿园
929,鲇溪幼儿园,义乌市鲇溪新村26号3幢,120.096729,29.304105,义乌市,幼儿园
930,江东商苑幼儿园,义乌市篁园路商苑社区卫生服务站东北侧,120.089066,29.290435,义乌市,幼儿园
931,商城幼儿园(春江路),义乌市稠城街道篁园21幢5号(近春江路),120.079107,29.297341,义乌市,幼儿园
932,小天鹅幼儿园,义乌市福田长春二区33幢1号,120.096961,29.33147,义乌市,幼儿园
933,巧巧幼儿园,义乌市童店新村一区47幢,120.053714,29.28659,义乌市,幼儿园
934,启苗幼儿园(宏迪路),义乌市宏迪路20号,120.062633,29.299675,义乌市,幼儿园
935,义乌市北苑街道启龙幼儿园,义乌市兴工路11号,120.053254,29.307239,义乌市,幼儿园
936,南苑幼儿园(江南四区东北),义乌市江南四区71号,120.07371,29.283406,义乌市,幼儿园
937,大风车幼儿园(开元北街),义乌市下娄小区65栋,120.171192,29.337417,义乌市,幼儿园
938,成才幼儿园(金苑路),义乌市香山52幢,120.061704,29.293167,义乌市,幼儿园
939,摇篮幼儿园,义乌市戚继光路36,120.052828,29.301535,义乌市,幼儿园
940,嘉鸿幼儿园(江东园),义乌市嘉鸿路200号,120.096359,29.306531,义乌市,幼儿园
941,义乌市儿童乐园幼稚园,义乌市江滨中路义乌乐园内,120.07316,29.291994,义乌市,幼儿园
942,鹤田幼儿园,义乌市后宅街道鹤田村二区,120.065026,29.410444,义乌市,幼儿园
943,育红幼儿园,义乌市佛堂镇剡溪村北68号,120.0486,29.1796,义乌市,幼儿园
944,双林幼儿园(双林路),义乌市佛堂镇双林路,120.022208,29.20557,义乌市,幼儿园
945,义乌市沃德幼儿园,义乌市江东街道孔村1号,120.071282,29.267858,义乌市,幼儿园
946,上楼宅幼儿园,义乌市上溪镇玩具基地,119.924492,29.265785,义乌市,幼儿园
947,乐福蒙特梭利,义乌市,120.078109,29.294677,义乌市,幼儿园
948,义乌市黄杨梅幼儿园,义乌市凯吉路198号,120.043652,29.304101,义乌市,幼儿园
949,义乌市后宅方塘幼儿园,义乌市后宅街道方塘行政村塘下自然村,120.014859,29.360952,义乌市,幼儿园
950,义乌市后宅金鹤幼儿园,义乌市后宅街道金鹤行政村鹤田自然村,120.063061,29.414798,义乌市,幼儿园
951,义乌市香山幼儿园,义乌市城西街道东河学生南路8号,119.986905,29.308286,义乌市,幼儿园
952,启航幼儿园,义乌市,120.11506,29.308722,义乌市,幼儿园
953,义乌中未之心幼儿园,义乌市稠江街道新屋二区63栋,120.032082,29.272843,义乌市,幼儿园
954,义乌市廿三里第三幼儿园,义乌市廿三里街道西田畈武康路和开元路交叉口,120.171116,29.34542,义乌市,幼儿园
955,义乌市樊村里幼儿园,义乌市义东路,120.093684,29.29428,义乌市,幼儿园
956,义乌市机关实验幼儿园(青口园区),义乌市青口路义乌市青口小学南侧约210米,120.128744,29.314898,义乌市,幼儿园
957,义乌市廿三里第二幼儿园,义乌市廿三里街道武梅一街通宝路999号,120.181461,29.324012,义乌市,幼儿园
958,红黄蓝亲子园(佛堂店),义乌市佛堂大道(宝龙・佛堂城市广场),120.019521,29.190953,义乌市,幼儿园
959,蓝天之星幼儿园,义乌市后溪路26号,120.176525,29.335023,义乌市,幼儿园
960,义乌市杨村实验幼儿园,义乌市稠江街道杨村五区15幢,120.041439,29.292656,义乌市,幼儿园
961,义乌市北苑中心幼儿园(香樟园区),义乌市何麻车二区39号楼,120.052078,29.335956,义乌市,幼儿园
962,义乌市钓鱼矶幼儿园,义乌市江东南路九联综合市场北侧约60米,120.05927,29.271097,义乌市,幼儿园
963,家家幼教路北幼儿园,义乌市幸福路与畈吴线交叉路口往南约70米,119.921147,29.222704,义乌市,幼儿园
964,义乌市职教集团附属幼儿园,义乌市,120.05701,29.377805,义乌市,幼儿园
965,星舟幼儿园,义乌市后宅街道寺前村(幸福湖路461号),120.083571,29.374573,义乌市,幼儿园
966,义乌市北苑街道时代花园幼稚园,义乌市丹溪三区时代花园12幢,120.058769,29.321569,义乌市,幼儿园
967,义乌市佛堂镇实验幼儿园,义乌市佛堂镇江北路289号,120.014237,29.212613,义乌市,幼儿园
968,福田街道第二幼儿园,义乌市福田街道草塘沿路567号,120.127418,29.35033,义乌市,幼儿园
969,新港幼儿园,义乌市城西街道新港村新港小区58幢,119.972532,29.278233,义乌市,幼儿园
970,上溪镇第二幼儿园,义乌市,119.943967,29.277302,义乌市,幼儿园
971,佛堂镇田心幼儿园,义乌市佛堂镇田心三村村民委员会正对面,120.022557,29.174964,义乌市,幼儿园
972,义乌市后宅中心幼儿园,义乌市起航路99号起,120.05274,29.362437,义乌市,幼儿园
973,义乌市森林实验幼儿园（金村园）,义乌市稠江街道上金村,120.005687,29.253791,义乌市,幼儿园
974,义乌振兴幼儿园,义乌市江北下朱101栋,120.131636,29.327673,义乌市,幼儿园
975,复兴布谷鸟幼儿园,义乌市复兴湖塘西1幢西城路绣湖中学对面,120.056866,29.312064,义乌市,幼儿园
976,义乌市苏溪立塘中心幼儿园,义乌市苏溪镇立塘村1号,120.111014,29.406918,义乌市,幼儿园
977,和一幼儿园,义乌市南山路(久府和园),120.113801,29.302732,义乌市,幼儿园
978,义乌市苏溪木城中心幼儿园,义乌市苏溪镇木城村1号楼,120.157172,29.381956,义乌市,幼儿园
979,义乌市博凯国际幼儿园,义乌市江东街道东新屋9幢,120.138989,29.307522,义乌市,幼儿园
980,义乌市四季幼儿园,义乌市春华路155号后门,120.047919,29.318763,义乌市,幼儿园
981,七彩山D幼儿园,义乌市宾王路义乌市山口小区,120.113311,29.294295,义乌市,幼儿园
982,官塘幼儿园,义乌市稠江街道象山村,120.006344,29.270793,义乌市,幼儿园
983,后宅中心幼儿园塘李分园,义乌市G60(杭金衢高速),120.025895,29.372917,义乌市,幼儿园
984,义乌市鸡鸣山幼儿园,义乌市宾王路江东四区中央公园,120.103932,29.301511,义乌市,幼儿园
985,香山幼儿园・金麟分园,义乌市廿三里镇金麟花园金麟南路322号,120.158584,29.330496,义乌市,幼儿园
986,苏溪镇中心幼儿园巧溪分园,义乌市溪北村邢里线,120.16299,29.415804,义乌市,幼儿园
987,艾伦幼儿园,义乌市城北路与洪深路交叉路口西北侧(城北商业中心西南侧),120.063514,29.356844,义乌市,幼儿园
988,十足幼儿园,义乌市稠城街道福田二区28栋,120.100853,29.337088,义乌市,幼儿园
989,倍磊幼儿园,义乌市倍磊学校内,119.983899,29.165943,义乌市,幼儿园
990,义乌市香溪幼儿园,义乌市香溪路香溪裕园西南侧约80米,120.001641,29.31045,义乌市,幼儿园
991,义乌市福田街道兴港幼儿园,义乌市商城大道(兴港小区西侧约50米),120.088329,29.335574,义乌市,幼儿园
992,一一幼儿园,义乌市-幼儿园(安平路东380米),120.095013,29.471989,义乌市,幼儿园
993,金鳞幼儿园,义乌市廿三里镇金麟花园金麟南路322号,120.158256,29.330468,义乌市,幼儿园
994,北京金色摇篮潜能开发园,义乌市通盛路与净居西路交叉路口往西北约200米,120.043038,29.363619,义乌市,幼儿园
995,木桥幼儿园,义乌市佛低线,119.942543,29.177167,义乌市,幼儿园
996,苏溪镇第三幼儿园,义乌市苏溪镇幸运路183号(幸运码服饰对面),120.131982,29.404548,义乌市,幼儿园
997,蓝天白云幼儿园,义乌市黄杨梅1区99栋,120.050274,29.308647,义乌市,幼儿园
998,义乌市廿三里街道埠头幼儿园,义乌市埠头村6幢,120.197493,29.328794,义乌市,幼儿园
999,金色摇篮潜能开发婴幼园浙江义乌稠江童店园,义乌市稠江街道童店1区26栋金色摇篮幼儿园,120.052914,29.285997,义乌市,幼儿园
1000,中未国际艺术幼儿园(童店园),义乌市昌德路童店菜市场西侧约130米,120.052903,29.285971,义乌市,幼儿园
1001,一朵小自然幼儿园,义乌市城中北路280巷-9号,120.08712,29.321386,义乌市,幼儿园
1002,义亭镇童星幼儿园,义乌市镇前街58号,119.959966,29.23407,义乌市,幼儿园
1003,画水中心幼儿园,义乌市贝村路万达广场(义乌店)西侧约260米,120.03956,29.27728,义乌市,幼儿园
1004,运动宝贝国际早教中心,义乌市金福源商厦B区二楼240号运动宝贝,120.099232,29.323591,义乌市,幼儿园
1005,蒙特梭利幼儿园,义乌市稠城街道江滨中路366号,120.078129,29.294821,义乌市,幼儿园
1006,学峰幼儿园(精品园),义乌市渡磬北路湖山菜市场东南侧约160米,120.013132,29.208517,义乌市,幼儿园
1007,新丝路国际幼儿园,义乌市春隆路花喜侬花艺生活馆北120米,120.126487,29.334859,义乌市,幼儿园
1008,新爱婴,义乌市福田街道诚信一区65幢,120.113805,29.3492,义乌市,幼儿园
1009,家家幼教・张宅幼儿园(装修中),义乌市佛堂镇张宅一村9号,119.979354,29.206468,义乌市,幼儿园
1010,义亭镇石塔幼儿园项目(建设中),义乌市义亭镇石塔一村,119.972076,29.256096,义乌市,幼儿园
1011,义乌时光民族幼儿园(江滨西路)(装修中),义乌市凤凰山小区51幢,120.066392,29.293112,义乌市,幼儿园
1012,义乌市福田街道银海幼儿园(建设中),义乌市银海路,120.100785,29.342565,义乌市,幼儿园
1013,义乌市青口小学,义乌市江东街道江东东路505号,120.127581,29.317826,义乌市,小学
1014,绣湖小学,义乌市县前街65号,120.070785,29.307189,义乌市,小学
1015,下骆宅小学,义乌市下骆宅学士路66号,120.135343,29.335056,义乌市,小学
1016,义乌市廿三里第二小学,义乌市廿三里街道银海路1325号,120.173346,29.340155,义乌市,小学
1017,福田小学,义乌市稠城街道商城大道55号,120.097999,29.33486,义乌市,小学
1018,义乌市实验小学教育集团(江南校区),义乌市江东南路1号,120.078669,29.285026,义乌市,小学
1019,五爱小学,义乌市江东街道五爱路136号,120.095527,29.304382,义乌市,小学
1020,宾王小学教育集团,义乌市宗泽路489号,120.097738,29.321212,义乌市,小学
1021,江滨小学,义乌市稠城街道荷园路62号,120.071979,29.29457,义乌市,小学
1022,义乌市廿三里第一小学,义乌市廿三里街道中新西街168号,120.161265,29.326163,义乌市,小学
1023,毛店小学,义乌市凤林路东150米,120.001168,29.098015,义乌市,小学
1024,义乌市保联小学,义乌市稠城街道春江路88号,120.078446,29.297361,义乌市,小学
1025,田心小学,义乌市田心二村588号,120.018355,29.17888,义乌市,小学
1026,义乌市后宅小学,义乌市后宅街道永宁路11号,120.058124,29.373675,义乌市,小学
1027,吴店小学,义乌市吴萧路62号,119.911218,29.258059,义乌市,小学
1028,王店学校,义乌市王店村1,120.187905,29.33831,义乌市,小学
1029,苏溪三小,义乌市苏溪镇上楼村,120.136356,29.432928,义乌市,小学
1030,夏演小学,义乌市城西街道夏桥街48号,119.968508,29.292536,义乌市,小学
1031,义乌市江东第一小学,义乌市江东街道江东中路367号,120.090972,29.295896,义乌市,小学
1032,苏溪镇第二小学,义乌市苏溪镇蒋宅中街147号,120.127781,29.421971,义乌市,小学
1033,稠江第一小学,义乌市西城路599号,120.052,29.301802,义乌市,小学
1034,东洲小学,义乌市江东街道东洲路122号,120.117911,29.308989,义乌市,小学
1035,义乌市黄杨梅小学,义乌市黄杨梅一街56号,120.048064,29.308005,义乌市,小学
1036,义乌市官塘小学,义乌市昌盛路189号,120.006234,29.268499,义乌市,小学
1037,前洪小学,义乌市北范街道前洪村,120.023029,29.324465,义乌市,小学
1038,大陈镇东塘小学,义乌市越王路1附近,120.170015,29.498751,义乌市,小学
1039,义乌阳光学校,义乌市上溪镇信达路58号,119.928451,29.266939,义乌市,小学
1040,徐江小学,义乌市江东街道徐中路30号,120.054342,29.253904,义乌市,小学
1041,义乌市义亭镇畈田朱小学,义乌市东黄线东100米,119.93424,29.211163,义乌市,小学
1042,鹤田小学,义乌市后宅街道鹤田村,120.061798,29.407722,义乌市,小学
1043,佛堂小学,义乌市佛堂镇大成路368号,120.01532,29.195516,义乌市,小学
1044,义乌市赤岸镇中心学校,义乌市文化路53号,120.037862,29.144122,义乌市,小学
1045,义亭镇义亭小学,义乌市义亭镇深塘路11号,119.963393,29.24062,义乌市,小学
1046,宗泽小学,义乌市江东街道宾王路778号,120.110153,29.295171,义乌市,小学
1047,佛堂二小,义乌市佛堂镇(雪峰中学对面),120.007462,29.207083,义乌市,小学
1048,江湾小学,义乌市江湾村,120.027174,29.262019,义乌市,小学
1049,塔山小学,义乌市佛堂镇塔山村,120.056126,29.197918,义乌市,小学
1050,义乌市幸福湖小学,义乌市渠成街杜元小区B6幢东北方向200米,120.066995,29.362056,义乌市,小学
1051,曙光小学,义乌市通宝路165号附近,120.141249,29.313874,义乌市,小学
1052,前店小学,义乌市福田街道前店村四区26号,120.110775,29.38114,义乌市,小学
1053,义乌市华立小学,义乌市苏溪镇人民南路102号,120.127269,29.408242,义乌市,小学
1054,佛堂镇第三小学,义乌市佛堂镇佛堂大道1881号,120.040836,29.218246,义乌市,小学
1055,育英学校,义乌市青口东山路8号,120.138365,29.318968,义乌市,小学
1056,义乌市大陈小学,义乌市文化路21号,120.098402,29.466744,义乌市,小学
1057,赤岸镇尚阳小学,义乌市赤岸镇尚上线,119.967306,29.095402,义乌市,小学
1058,义乌市荷叶塘小学,义乌市S310(春风大道),120.128733,29.37516,义乌市,小学
1059,剡溪小学,义乌市佛堂镇剡溪村256号,120.046051,29.178174,义乌市,小学
1060,东河小学,义乌市东河村,119.991707,29.309221,义乌市,小学
1061,松门山小学,义乌市稠江街道松门山东区24栋,120.05053,29.293162,义乌市,小学
1062,蓝天学校,义乌市圣寿路376号,119.992201,29.296586,义乌市,小学
1063,苏溪四小,义乌市苏溪镇杨梅岗,120.134541,29.40095,义乌市,小学
1064,义乌市欣欣小学,义乌市稠江街道黎明村二区18栋8号(稠江中学正大门对面50米),120.04751,29.290607,义乌市,小学
1065,上溪镇黄山小学,义乌市上溪镇毛界村,119.916807,29.333883,义乌市,小学
1066,义乌市振华小学,义乌市镇中北路68号东北90米,120.097847,29.465593,义乌市,小学
1067,浙江师范大学附属义乌小学,义乌市童店路与西江路交汇处东北150米,120.055179,29.281468,义乌市,小学
1068,上溪镇溪华小学,义乌市上溪镇,119.900049,29.312737,义乌市,小学
1069,寺前村小学,义乌市后宅街道寺前村,120.085108,29.377186,义乌市,小学
1070,江东第一小学校务监督委员会,义乌市江东中路367号,120.090957,29.296416,义乌市,小学
1071,毛陈小学,义乌市佛堂镇毛陈村,120.006298,29.188575,义乌市,小学
1072,稠城第一小学教育集团(城阳校区),义乌市石鼓巷17号,120.079407,29.305556,义乌市,小学
1073,义乌市稠城第三小学,义乌市拱辰门街1号,120.078891,29.313927,义乌市,小学
1074,大畈小学,义乌市003乡道附近,120.263964,29.487049,义乌市,小学
1075,博文学校,义乌市稠江街道经发大道201号,120.061287,29.286866,义乌市,小学
1076,义乌市启东小学教育集团(启东校区),义乌市荷叶塘幼儿园北(听涛北路)8号,120.118606,29.371049,义乌市,小学
1077,义乌市实验小学教育集团(黎明湖校区),义乌市九联村黎明湖路,120.06373,29.271078,义乌市,小学
1078,义乌市上溪小学校务监督委员会,义乌市文明中路义乌市上溪镇上溪小学(云门校区),119.93148,29.279851,义乌市,小学
1079,杨街学校,义乌市北苑街道机场路889号,120.047121,29.352082,义乌市,小学
1080,义乌市德胜小学,义乌市净居东路86号,120.062506,29.371694,义乌市,小学
1081,义乌市赤岸镇赤岸小学,义乌市文化路53号,120.036383,29.144046,义乌市,小学
1082,义乌市绣湖小学教育集团(春华校区),义乌市春华街266号,120.048608,29.32255,义乌市,小学
1083,丹晨小学,义乌市丹晨一路16号,120.04736,29.332134,义乌市,小学
1084,新联学校小学部,义乌市昌德社区城店南路768号,120.036512,29.277677,义乌市,小学
1085,义乌市文华小学,义乌市城北路与环城北路交叉口北150米,120.059342,29.363674,义乌市,小学
1086,义乌市稠州小学,义乌市江滨北路55号,120.087734,29.305377,义乌市,小学
1087,义乌市柳青小学教育集团(振华校区),义乌市文化路44号,120.097807,29.465844,义乌市,小学
1088,义乌市柳青小学教育集团(振华校区),义乌市文化路44号,120.097807,29.465844,义乌市,小学
1089,倍磊学校,义乌市佛堂镇倍磊一村八宝西路23号,119.982483,29.166334,义乌市,小学
1090,湖门小学,义乌市下余山村5幢,120.044127,29.396795,义乌市,小学
1091,义乌市启东小学博文校区,义乌市,120.061687,29.286919,义乌市,小学
1092,义乌市蓝天小学(新校区),义乌市伏龙山南路6666-1号,119.986394,29.289202,义乌市,小学
1093,楂林中心小学,义乌市大陈镇楂林一村群幸路,120.14048,29.472628,义乌市,小学
1094,义乌市启东小学星光校区,义乌市苏溪镇青春村,120.127248,29.439452,义乌市,小学
1095,杭畴中心小学,义乌市义亭镇,119.962075,29.191084,义乌市,小学
1096,义乌市皖松学校,义乌市稠城街道江北下朱村,120.12743,29.326873,义乌市,小学
1097,义乌市义亭小学(重阳校区),义乌市学生路3号,119.963594,29.233539,义乌市,小学
1098,塘李小学,义乌市三川塘村80号,120.018441,29.373405,义乌市,小学
1099,宾王小学教育集团秦塘小学,义乌市江滨北路191号,120.091518,29.309133,义乌市,小学
1100,上溪镇祥贝小学,义乌市祥贝村1,119.941658,29.264756,义乌市,小学
1101,义乌市柳青小学教育集团柳青校区金绣路教学点,义乌市金秀路复兴后陈11号,120.056176,29.308775,义乌市,小学
1102,溪后小学,义乌市大陈镇,120.146446,29.462028,义乌市,小学
1103,义乌市德胜小学(拨浪鼓校区),义乌市廿三里镇南街23号,120.17433,29.323868,义乌市,小学
1104,苏溪镇西山下小学,义乌市苏溪镇稠下线,120.165762,29.394094,义乌市,小学
1105,何里小学,义乌市东黄线东50米,119.954155,29.337884,义乌市,小学
1106,尚经小学,义乌市尚经村5区18号,120.139413,29.361698,义乌市,小学
1107,义乌市成杰学校,义乌市佛堂镇工业园区大士路上傅村,120.051736,29.188558,义乌市,小学
1108,新丝路学校(长和校区),义乌市宾王路D66号,120.071766,29.328221,义乌市,小学
1109,义乌市龙回实验小学,义乌市永贸路122号,120.017802,29.289934,义乌市,小学
1110,宾王小学,义乌市宗泽路489号,120.09757,29.321156,义乌市,小学
1111,义乌市云溪学校,义乌市云溪东路195号,120.148727,29.475406,义乌市,小学
1112,戚继光小学,义乌市戚继光路630号,120.03108,29.282923,义乌市,小学
1113,义乌市佛堂镇中心学校,义乌市佛堂镇大成路368号,120.015795,29.195744,义乌市,小学
1114,义乌市金桥学校,义乌市经发大道376号,120.040333,29.299747,义乌市,小学
1115,佛堂镇状元里小学,义乌市奕君箱包产业园西南侧,120.040541,29.17078,义乌市,小学
1116,义乌市博一学校,义乌市西城路2860号,119.983428,29.292612,义乌市,小学
1117,义乌市西城小学,义乌市西站大道879号,119.978181,29.305076,义乌市,小学
1118,苏溪一小,义乌市稠下线北100米,120.122234,29.408193,义乌市,小学
1119,松门山学校(西校区),义乌市江滨西路547号,120.048899,29.294935,义乌市,小学
1120,上溪小学云门校区,义乌市上溪镇文明路59号,119.930474,29.279912,义乌市,小学
1121,香山小学教育集团(杨村校区),义乌市戚继光路411号,120.043374,29.291773,义乌市,小学
1122,义乌市上溪镇第二小学上小集团,义乌市文明北路与杨横线交叉路口往西约80米,119.93526,29.28459,义乌市,小学
1123,义乌市柳青小学教育集团(华立校区),义乌市人民南路26附近,120.128288,29.407491,义乌市,小学
1124,江东街道青岩傅学校,义乌市青岩傅村清河路12号,120.088012,29.265382,义乌市,小学
1125,廿三里街道何宅小学,义乌市廿三里街道福亭线何宅村南区130号,120.190343,29.309119,义乌市,小学
1126,义乌市后宅中学,义乌市后宅街道鸿儒路11号,120.057946,29.37611,义乌市,中学
1127,浙江省义乌中学,义乌市南门街888号,120.082751,29.267752,义乌市,中学
1128,义乌市宾王中学,义乌市宗泽路211号,120.094446,29.323376,义乌市,中学
1129,义乌市第三中学,义乌市北苑街道西城路168号,120.074131,29.327694,义乌市,中学
1130,义乌市上溪中学,义乌市上溪镇兴华路68号,119.941204,29.273973,义乌市,中学
1131,义乌市稠江中学,义乌市稠江街道文昌路22号,120.046532,29.288155,义乌市,中学
1132,义乌市绣湖中学,义乌市秀禾路16,120.064619,29.311411,义乌市,中学
1133,义乌市群星外国语学校,义乌市机场路577号,120.065964,29.321613,义乌市,中学
1134,大成中学,义乌市大成路233号,120.021681,29.198216,义乌市,中学
1135,义乌市江东中学,义乌市江东街道东洲路36号,120.109143,29.304091,义乌市,中学
1136,苏溪镇初级中学,义乌市苏溪镇为民路1号,120.1242,29.410712,义乌市,中学
1137,浙江义乌经济开发区学校,义乌市稠江街道宏迪路65号,120.061947,29.294712,义乌市,中学
1138,佛堂镇初级中学,义乌市佛堂镇建设东路55号,120.025238,29.20286,义乌市,中学
1139,义亭中学,义乌市义亭镇深塘路,119.961723,29.234773,义乌市,中学
1140,义乌市新义中学,义乌市西城路412号,120.06157,29.31146,义乌市,中学
1141,义乌市荷叶塘初级中学,义乌市稠城街道下西陶一区136号,120.122931,29.377823,义乌市,中学
1142,义乌市义亭镇初级中学,义乌市义亭稠义西路2号,119.968972,29.239418,义乌市,中学
1143,浙江义乌枫叶国际学校,义乌市环城南路,120.044979,29.268467,义乌市,中学
1144,义乌市第五中学,义乌市志远路333号,120.128252,29.365555,义乌市,中学
1145,义乌市廿三里初级中学,义乌市通宝路999号,120.183994,29.325401,义乌市,中学
1146,大陈镇初级中学,义乌市大陈大道100号附近,120.12103,29.455163,义乌市,中学
1147,义乌第六中学,义乌市中新街666号,120.164175,29.327644,义乌市,中学
1148,赤岸初中,义乌市赤岸镇双峰路9号,120.035446,29.145633,义乌市,中学
1149,义乌市下骆宅初级中学,义乌市紫金中路65号,120.13651,29.336872,义乌市,中学
1150,春晗学校,义乌市百安街,119.947538,29.278197,义乌市,中学
1151,稠州中学教育集团,义乌市稠城街道民主路190号,120.071446,29.296962,义乌市,中学
1152,浙江师范大学附属义乌实验学校,义乌市拥军路209号,120.04499,29.336983,义乌市,中学
1153,绣湖中学(稠江校区),义乌市稠江街道文昌路22号,120.046456,29.289339,义乌市,中学
1154,商城学校,义乌市环城北路附近,120.061026,29.364261,义乌市,中学
1155,树人中学,义乌市义亭镇,119.951328,29.231151,义乌市,中学
1156,初中部,义乌市城店路新联小学东南侧约220米,120.036952,29.277847,义乌市,中学
1157,新联学校,义乌市,120.035597,29.279261,义乌市,中学
1158,金鹰实验学校,义乌市经发大道295号(浪莎袜业公交站对面),120.045265,29.294085,义乌市,中学
1159,义乌市丹溪中学,义乌市江东南路433号,120.064796,29.279621,义乌市,中学
1160,义乌第二中学,义乌市江东街道江东中路301号,120.091297,29.297946,义乌市,中学
1161,雪峰中学,义乌市佛堂镇王江村52号,120.00619,29.205024,义乌市,中学
1162,义乌复旦实验学校,义乌市振兴西路180号,120.124801,29.327373,义乌市,中学
1163,义乌市毛店初级中学,义乌市赤岸镇毛店村5指山路101号,119.995187,29.097783,义乌市,中学
1164,义乌市北苑小学,义乌市拥军路209号,120.046889,29.336877,义乌市,中学
1165,义乌市星光实验学校,义乌市江东南路812号,120.055059,29.264833,义乌市,中学
1166,义乌市云溪学校,义乌市云溪东路195号,120.148727,29.475406,义乌市,中学
1167,义乌公学,义乌市雪峰西路与香溪路交汇处东南角,120.004474,29.302459,义乌市,中学
1168,义乌鸿志学校,义乌市佛堂镇义南工业区大士路2号,120.027294,29.1953,义乌市,中学
1169,义乌市卡迪夫公学过渡校区,义乌市西城路2860号,119.983976,29.292851,义乌市,中学
1170,望道中学,义乌市城西街道圣达街666号,119.978075,29.296298,义乌市,中学
1171,义乌市国际商贸学校,义乌市城北路J180号,120.066588,29.353116,义乌市,职业技术学校
1172,浙江省机电高级技工学校,义乌市城北路60号,120.083675,29.332972,义乌市,职业技术学校
1173,浙江省机电技师学院,义乌市城北路60号,120.083832,29.333079,义乌市,职业技术学校
1174,浙江省义乌市城镇职业技术学校,义乌市稠城街道经发大道330号,120.04348,29.29879,义乌市,职业技术学校
1175,崇古职业技能培训学校,义乌市义乌市杨一村高楼8号楼,120.03853,29.293566,义乌市,职业技术学校
1176,浙江省义乌市体育运动学校,义乌市,120.09327,29.32232,义乌市,职业技术学校
1177,义乌搜才职业技能培训学校,义乌市义乌人力资源产业园7楼711F-713F,120.030616,29.298453,义乌市,职业技术学校
1178,义乌市交通职业培训学校,义乌市北苑街道西城路470号,120.057569,29.30908,义乌市,职业技术学校
1179,义乌市福田街道成人文化技术学校,义乌市城中北路600号附近,120.097493,29.335961,义乌市,职业技术学校
1180,浙江省机电技师学院(电子商务学院),义乌市上溪镇模具城四通路300号,119.950914,29.283958,义乌市,职业技术学校
1181,义乌市上溪镇成人文化技术学校,义乌市文明中路80号,119.930431,29.28007,义乌市,职业技术学校
1182,都市桃源幼儿园,德清县武康英溪北路泰源都市桃源小区内,119.965814,30.543658,德清县,幼儿园
1183,德清县第二实验幼儿园,德清县张家弄营盘小区,119.966382,30.530067,德清县,幼儿园
1184,西庙桥幼儿园,德清县韶塘线,120.251082,30.563573,德清县,幼儿园
1185,钟管镇干山中心幼儿园,德清县碧云街508号正西方向20米,120.15813,30.600961,德清县,幼儿园
1186,高桥中心幼儿园(新兴街),德清县禹越镇高桥新兴街52号,120.2855,30.553467,德清县,幼儿园
1187,蒙恩国际婴幼儿发展中心,德清县武康镇中兴南路588号,119.968464,30.524696,德清县,幼儿园
1188,远望幼儿园(祥和分园),德清县南苹街111号、113号,119.961572,30.529883,德清县,幼儿园
1189,华侨国际德清金蓓蕾幼儿园,德清县营盘小区张家弄,119.963963,30.524317,德清县,幼儿园
1190,五龙爱心幼儿园,德清县武源街附近,119.992442,30.537907,德清县,幼儿园
1191,乐乐幼儿园(万马路),德清县武康镇私营城万马路177号,119.957069,30.53897,德清县,幼儿园
1192,回龙小区幼儿园,德清县武康镇舞阳社区回龙花园117幢,119.960981,30.524438,德清县,幼儿园
1193,新市镇士林中心幼儿园,德清县新市镇士林远景路,120.200238,30.591984,德清县,幼儿园
1194,德清县三合幼儿园,德清县下渚湖街道八字桥集镇校园街58号,120.034098,30.476493,德清县,幼儿园
1195,和平幼儿园,德清县S13(练杭高速),120.186608,30.509619,德清县,幼儿园
1196,新市镇第二幼儿园(韶村分园),德清县新市镇韶村5号,120.234429,30.598031,德清县,幼儿园
1197,新联村幼儿园,德清县绶严呶50米,120.185629,30.668932,德清县,幼儿园
1198,下舍中心幼儿园,德清县新汇南路7-1,120.186344,30.551852,德清县,幼儿园
1199,雷甸镇第一幼儿园(新街园区),德清县雷甸镇新大街,120.141574,30.518601,德清县,幼儿园
1200,洛舍镇中心幼儿园,德清县复兴南路26号洛舍商贸中心,120.085294,30.635435,德清县,幼儿园
1201,湖州市德清县下柏幼儿园,德清县吴家弄桥(下柏公园),119.997587,30.478238,德清县,幼儿园
1202,雷甸镇第一幼儿园(东港园区),德清县雷甸镇东港欣苑,120.136734,30.52291,德清县,幼儿园
1203,德清县新安镇下舍中心幼儿园(新桥分园),德清县新安镇新桥村,120.168969,30.564713,德清县,幼儿园
1204,蠡山村幼儿园,德清县钟管镇西茅山村69号,120.138832,30.578338,德清县,幼儿园
1205,保利原乡第一实验幼儿园,德清县武康镇保利原乡西大门,120.017903,30.541985,德清县,幼儿园
1206,德清县新市镇第一幼儿园,德清县广场路9号,120.294596,30.613614,德清县,幼儿园
1207,德清县钟管镇中心幼儿园,德清县钟管镇寺前路159号,120.187735,30.647868,德清县,幼儿园
1208,乾元镇第二幼儿园,德清县乾元镇船闸路2号,120.079393,30.550804,德清县,幼儿园
1209,徐家庄中心幼儿园,德清县徐家庄,120.268883,30.520094,德清县,幼儿园
1210,德清地理信息小镇幼儿园,德清县舞阳街道,119.97049,30.518182,德清县,幼儿园
1211,德清县第一实验幼儿园美都御府园区,德清县千秋东街与新丰南路交叉路口往东北约200米,120.001538,30.540239,德清县,幼儿园
1212,德清县第二实验幼儿园格兰维亚园区,德清县格兰维亚19栋,119.991537,30.535096,德清县,幼儿园
1213,德清县千秋幼儿园,德清县武康街道一里洋房西侧千龙名苑东南角,119.966928,30.546848,德清县,幼儿园
1214,德清县机关幼儿园,德清县广场西弄47号,119.971034,30.536048,德清县,幼儿园
1215,德清县三桥幼儿园,德清县G104(志远北路),119.958584,30.571265,德清县,幼儿园
1216,德清县第二实验幼儿园,德清县武康镇府前巷44号,119.966363,30.533202,德清县,幼儿园
1217,德清县第二实验幼儿园玉墅林枫园区,德清县杨树湾路与千秋东街交叉路口南侧(玉墅林枫),119.985516,30.539684,德清县,幼儿园
1218,筏头中心幼儿园佛堂教学点,德清县递筏线,119.825289,30.575068,德清县,幼儿园
1219,塔山幼儿园,德清县塔山小区会馆1楼,119.976129,30.522956,德清县,幼儿园
1220,莫干山镇中心幼儿园,德清县庾信北街,119.901945,30.601233,德清县,幼儿园
1221,武康幼儿园,德清县兴康北路66-1号,119.959296,30.53734,德清县,幼儿园
1222,德清县中心幼儿园,德清县乾元镇南街90号,120.084964,30.544547,德清县,幼儿园
1223,德清县振兴幼儿园,德清县武康镇私营城顺达路,119.954371,30.539259,德清县,幼儿园
1224,梅林中心幼儿园,德清县柏林路德清县新市镇中心小学(梅林分校)西南侧,120.261367,30.614703,德清县,幼儿园
1225,上柏中心幼儿园,德清县正兴路87号,119.954387,30.490337,德清县,幼儿园
1226,庆安幼儿园,德清县仓前路9号乾元瑞通浅水湾,120.0796,30.542071,德清县,幼儿园
1227,德清县新安镇中心幼儿园,德清县新华街18号,120.219539,30.532451,德清县,幼儿园
1228,诺亚舟金都幼儿园,德清县武康镇志远南路368号(金都田园小区内),119.95065,30.539125,德清县,幼儿园
1229,德清伊顿幼儿园,德清县德清县张家弄,119.969275,30.537265,德清县,幼儿园
1230,湖州市德清县乾元镇中心幼儿园,德清县乾元镇九曲龙庭29号,120.07085,30.534845,德清县,幼儿园
1231,德清县千秋幼儿园(市心府园区),德清县英溪北路,119.964237,30.546751,德清县,幼儿园
1232,德清县东宸幼儿园,德清县千秋东街1261号,120.012514,30.542119,德清县,幼儿园
1233,地理信息小镇第二幼儿园,德清县古坝街与英溪南路交叉口,119.961693,30.515846,德清县,幼儿园
1234,远望幼儿园,德清县群安巷70号,119.961883,30.533473,德清县,幼儿园
1235,高桥村幼儿园,德清县,120.295148,30.541046,德清县,幼儿园
1236,杨墩幼儿园,德清县雷甸镇,120.133322,30.484433,德清县,幼儿园
1237,德清县阜溪实验幼儿园,德清县长虹街与永平北路交叉路口往北约140米,119.990941,30.553638,德清县,幼儿园
1238,德清县机关幼儿园(城东园区),德清县南山南路210号,120.007336,30.539862,德清县,幼儿园
1239,山伢儿,德清县,119.961761,30.611222,德清县,幼儿园
1240,德清县第一实验幼教集团(英溪桃源园区),德清县武康街道舞阳街南侧(英溪桃源清波苑旁),120.003459,30.535709,德清县,幼儿园
1241,仙潭村幼儿园,德清县仙潭村村民委员会西侧约60米,119.863426,30.626651,德清县,幼儿园
1242,德清县圆圆幼儿园,德清县乾元镇东郊40号,120.093723,30.546161,德清县,幼儿园
1243,柏林幼儿园,德清县柏林路德清县新市镇中心小学(梅林分校)西南侧,120.261337,30.614389,德清县,幼儿园
1244,北代舍村幼儿园,德清县西代舍路北代舍村村民委员会西侧约140米,120.221314,30.634797,德清县,幼儿园
1245,雷甸镇第一幼儿园通航园区,德清县洋北路(天马湖景花苑),120.137888,30.501634,德清县,幼儿园
1246,禹越镇徐家庄中心幼儿园北圩郎教学点,德清县,120.266651,30.531628,德清县,幼儿园
1247,筏头中心学校-德清县筏头幼儿园,德清县S304与递筏线交叉口东南方向150米,119.855156,30.5533,德清县,幼儿园
1248,鑫盛幼儿园,德清县武康镇鑫盛小区31幢,119.951752,30.532479,德清县,幼儿园
1249,乾元第一幼儿园,德清县乾元镇九曲龙庭29号,120.07085,30.53485,德清县,幼儿园
1250,德清县洛舍镇中心幼儿园,德清县东直街1号,120.119543,30.626935,德清县,幼儿园
1251,德清县第一实验幼儿园,德清县武康镇舞阳花园31号,119.976614,30.530874,德清县,幼儿园
1252,新市镇康乐幼儿园,德清县新市镇梅林路52号,120.282355,30.618916,德清县,幼儿园
1253,庆安幼儿园,德清县武康镇舞阳街688号绿城桂花城内,119.975574,30.528372,德清县,幼儿园
1254,德清县机关幼儿园(翡翠城园区),德清县云岫北路239号金盛达・翡翠城,119.980542,30.543725,德清县,幼儿园
1255,武康英溪小学(东校区),德清县居仁街102号,119.964095,30.540423,德清县,小学
1256,新市中心小学,德清县新市镇厚皋新村建海副食店,120.281016,30.603729,德清县,小学
1257,逸夫小学,德清县群益街78号,119.962471,30.531797,德清县,小学
1258,莫干山中心学校,德清县庾信北街129号,119.902993,30.601737,德清县,小学
1259,高桥中心小学,德清县新兴路2号,120.287432,30.554929,德清县,小学
1260,禹越镇徐家庄中心小学,德清县徐家庄中心幼儿园附近,120.268933,30.520973,德清县,小学
1261,雷甸小学南点分校,德清县大苑线附近,120.169119,30.491023,德清县,小学
1262,乾元镇中心小学,德清县乾元镇(德埭线西),120.080497,30.552942,德清县,小学
1263,德清县春晖小学,德清县武康镇康民路600号,119.954857,30.546205,德清县,小学
1264,清溪小学,德清县乾元镇县东街58号,120.089673,30.548831,德清县,小学
1265,雷甸镇中心小学(北点分校),德清县雷甸镇大桥北路21号,120.141989,30.525392,德清县,小学
1266,山民小学,德清县武康镇上柏山民村,119.917595,30.477212,德清县,小学
1267,新市镇初级中学-新市完全小学,德清县文昌路163号,120.278332,30.6167,德清县,小学
1268,新市镇士林中心小学,德清县德桐线,120.203076,30.594044,德清县,小学
1269,三桥中心小学,德清县峥嵘街14正西方向90米,119.957033,30.576431,德清县,小学
1270,凤栖小学,德清县德清县群益街,119.962424,30.531417,德清县,小学
1271,德清县筏头小学,德清县,119.85566,30.55234,德清县,小学
1272,杭州崇文新班级实验小学,德清县乐成巷55,119.966888,30.523793,德清县,小学
1273,雷甸镇中心小学(西点分校),德清县雷甸镇兴业路8号,120.126232,30.50599,德清县,小学
1274,德清县上柏小学(新校区),德清县舞阳街道邮电路265号,119.961777,30.488591,德清县,小学
1275,乾元镇中心小学(曲园分部),德清县乾元镇乾龙开发区南洋路83号,120.090946,30.53532,德清县,小学
1276,德清县禹越镇凯德希望小学,德清县,120.269434,30.521241,德清县,小学
1277,新市镇中心小学(新联分校),德清县胪岗镇港头乡道新联小学边附近,120.295658,30.643723,德清县,小学
1278,天皇殿小学,德清县禹越镇高桥,120.303222,30.57408,德清县,小学
1279,二都小学,德清县德清县下渚湖下仁线,120.023739,30.502845,德清县,小学
1280,德清二中,德清县千秋街528号,119.9731,30.542515,德清县,中学
1281,德清三中,德清县新市镇新千路300号,120.27851,30.625682,德清县,中学
1282,勾里中心学校,德清县新安镇育才路1号,120.229123,30.53166,德清县,中学
1283,德清县实验学校,德清县曲园南路466号,119.971566,30.523301,德清县,中学
1284,德清县第一中学,德清县武康街道千秋东街245号,119.986398,30.5417,德清县,中学
1285,雷甸镇初级中学,德清县雷甸镇新大街183号,120.142301,30.51803,德清县,中学
1286,新市镇初级中学,德清县新市镇文昌路163号,120.276844,30.617392,德清县,中学
1287,下舍中心学校,德清县新安镇下舍复兴南路,120.18413,30.550919,德清县,中学
1288,钟管镇中心学校,德清县钟管镇寺前路298号,120.188739,30.649045,德清县,中学
1289,德清县士林中学,德清县新市镇士林村,120.198379,30.586259,德清县,中学
1290,德清县育才学校,德清县104国道,119.96174,30.573699,德清县,中学
1291,德清县第五中学,德清县钟管镇环城北路968号,120.178581,30.650221,德清县,中学
1292,德清县求是高级中学,德清县武康镇求是街1号,119.996333,30.563303,德清县,中学
1293,禹越中学,德清县育英路66号,120.260364,30.52062,德清县,中学
1294,洛舍中心学校,德清县洛舍镇老直街108号,120.097241,30.632335,德清县,中学
1295,浙江省德清县第六中学,德清县武康街道群益街410号,119.97233,30.531592,德清县,中学
1296,德清县千秋外国语学校,德清县武康镇中兴路188号,119.970409,30.542863,德清县,中学
1297,筏头中心学校,德清县304省道附近,119.855108,30.552415,德清县,中学
1298,浙工大附属德清高级中学,德清县康乾街道德升路136号,120.032452,30.536847,德清县,中学
1299,干山中心学校,德清县钟管镇碧云街,120.159436,30.600643,德清县,中学
1300,德清县培康学校,德清县武康镇牌楼路48号,119.962757,30.541095,德清县,中学
1301,浙江省教育科学研究院实验学校,德清县舞阳街与南山南路交叉口东约80米,120.008494,30.538985,德清县,中学
1302,莫干山镇世界外国语中学(建设中),德清县莫干山镇下坞里,119.892904,30.578216,德清县,中学
1303,MOGANSHAN FOREIGN LANGUAGE SCHOOL,德清县塔山街与金召路交叉口东约80米,119.96671,30.522572,德清县,中学
1304,南路中心学校,德清县晓于线西50米,119.878007,30.638068,德清县,中学
1305,德清县舞阳学校,德清县舞阳街,120.009331,30.539807,德清县,中学
1306,德清县秋山中心学校,德清县德清县群益街(逸夫小学南门),120.026006,30.540807,德清县,中学
1307,德清县第四中学,德清县乾元镇广场路9号,120.090041,30.550679,德清县,中学
1308,浙江省德清县职业中等专业学校,德清县武康镇北湖街440号,119.943077,30.549708,德清县,职业技术学校
1309,新市职业高级中学,德清县高林路60东南方向100米,120.284196,30.606552,德清县,职业技术学校
1310,禹越镇成人文化技术学校,德清县徐兴路3号,120.267178,30.515625,德清县,职业技术学校
1311,龙虎锻造职业技术学校,德清县德桐线,120.160693,30.576123,德清县,职业技术学校
1312,万通汽车教育・杭州,德清县雷甸镇塘北村乔莫南路1号,120.161002,30.474178,德清县,职业技术学校
1313,德清县吴越职业技能培训学校,德清县复兴北路与民丰街交叉口西南约40米,120.184352,30.554933,德清县,职业技术学校
1314,德清县阜溪街道成人文化技术学校,德清县阜溪街道长虹中街392号,119.984257,30.553717,德清县,职业技术学校
1315,德清县莫干山镇成人文化技术学校,德清县莫干山镇莫干山风景区黄郛西路19号,119.896057,30.599413,德清县,职业技术学校
1316,红黄蓝亲子园(恒茂商业广场店),海曙区丽园北路866号恒茂商业广场1层,121.520271,29.891516,海曙区,幼儿园
1317,宁波市新芝幼儿园钱家边园区,海曙区柳翠街80号,121.530807,29.887795,海曙区,幼儿园
1318,古林镇福娃幼儿园,海曙区启运路142号附近,121.504704,29.849481,海曙区,幼儿园
1319,金太阳幼儿园(古林镇薜家社区卫生服务站东北),海曙区古林镇薛家南路薛家新家园西100米,121.500707,29.856695,海曙区,幼儿园
1320,古林镇包家幸福幼儿园,海曙区段梅路与薛家南路交叉口西100米,121.487835,29.847916,海曙区,幼儿园
1321,二轻第一幼儿园,海曙区联丰路安丰街37号,121.512161,29.867287,海曙区,幼儿园
1322,博爱幼儿园(迎春路),海曙区宁波望春迎春路497号,121.500215,29.878977,海曙区,幼儿园
1323,宁波市实验幼儿园青林园区,海曙区望春街道青林湾维科上院30号,121.524498,29.903049,海曙区,幼儿园
1324,宁波市实验幼儿园闲庭园区,海曙区青林渡路清林闲庭85号,121.530246,29.901389,海曙区,幼儿园
1325,宁波艾迪幼儿园,海曙区广盛路585号,121.442701,29.854889,海曙区,幼儿园
1326,古林镇布政幼儿园,海曙区古林镇段梅路636号,121.472666,29.838081,海曙区,幼儿园
1327,阳光丽园幼儿园,海曙区雅戈尔大道375号,121.498845,29.822376,海曙区,幼儿园
1328,岐阳小学-岐阳幼儿园,海曙区岐山路67号岐阳小学附近,121.428426,29.919997,海曙区,幼儿园
1329,金色童年幼儿园(惠兰路),海曙区集士港镇广盛路598号,121.443467,29.854994,海曙区,幼儿园
1330,宁波市闻裕顺幼儿园,海曙区,121.523747,29.869057,海曙区,幼儿园
1331,海曙锦华幼儿园委员会,海曙区联丰新村南区民丰街5号,121.518451,29.867181,海曙区,幼儿园
1332,石\街道城南公馆幼儿园,海曙区石\街道石\南路69号,121.50942,29.825434,海曙区,幼儿园
1333,阳光艺术幼儿园(徐家漕路),海曙区徐家漕路136号-1,121.499849,29.883924,海曙区,幼儿园
1334,望春幼儿园(长兴路8弄),海曙区,121.502282,29.887973,海曙区,幼儿园
1335,海曙区中原艺术幼儿园,海曙区郎官巷西弄14号,121.535604,29.874467,海曙区,幼儿园
1336,宁波市第一幼儿园(公园路),海曙区公园路192号,121.546961,29.877039,海曙区,幼儿园
1337,东星幼儿园,海曙区高桥镇望春路1498芦港村东,121.482145,29.892965,海曙区,幼儿园
1338,东方幼儿园,海曙区三市路228弄21号,121.536957,29.855732,海曙区,幼儿园
1339,宁波市市级机关第一幼儿园,海曙区长春路96号,121.538825,29.872271,海曙区,幼儿园
1340,鄞县高桥镇新安村青苹果幼儿园,海曙区望江路12号附近,121.500312,29.904239,海曙区,幼儿园
1341,童瑶幼儿园(宋家漕路),海曙区高桥镇宋家漕村阳光路,121.493952,29.876794,海曙区,幼儿园
1342,海曙区高桥镇新芽幼儿园,海曙区高桥镇长乐村博爱路66号,121.504125,29.890729,海曙区,幼儿园
1343,艺韵幼儿园,海曙区汽运小区对面,121.511176,29.834639,海曙区,幼儿园
1344,集士港镇中心幼儿园,海曙区井亭家园77,121.446873,29.858293,海曙区,幼儿园
1345,润禾幼儿园,海曙区段塘丁家86号,121.5201,29.833915,海曙区,幼儿园
1346,白岳幼儿园,海曙区集市港镇,121.427132,29.887235,海曙区,幼儿园
1347,格兰春晨幼儿园,海曙区格兰春晨68,121.457574,29.859204,海曙区,幼儿园
1348,包家幼儿园,海曙区杭甬高速公路,121.486719,29.84948,海曙区,幼儿园
1349,启文幼儿园(粮丰街),海曙区粮丰街38号,121.528446,29.852488,海曙区,幼儿园
1350,格兰春晨幼儿园(总园),海曙区工贸四路204-236,121.457527,29.862636,海曙区,幼儿园
1351,宁波市海曙区德英乐幼儿园,海曙区灵桥路768号芝士公园,121.557624,29.865073,海曙区,幼儿园
1352,宁波市第二幼儿园五江湾园区,海曙区范江岸路五江湾北区2号,121.511012,29.893127,海曙区,幼儿园
1353,宁波市第二幼儿园(云石街),海曙区象鼻巷4号,121.55392,29.86297,海曙区,幼儿园
1354,石\街道中心幼儿园,海曙区石\街道万泉路26号,121.508758,29.808738,海曙区,幼儿园
1355,青垫幼儿园,海曙区万众村105号,121.42295,29.848795,海曙区,幼儿园
1356,晴园幼儿园,海曙区高桥镇宋晴路63号,121.494565,29.877284,海曙区,幼儿园
1357,集士港镇三禾幼儿园,海曙区商贸路9号,121.441983,29.86454,海曙区,幼儿园
1358,牡丹幼儿园(段塘东路),海曙区段塘东路107弄8号,121.522203,29.842579,海曙区,幼儿园
1359,小鬼当家亲子乐园,海曙区澄浪堰路28弄66号附近,121.546288,29.855093,海曙区,幼儿园
1360,高桥镇联升佳苑幼儿园,海曙区高桥镇联升村联升一路,121.477623,29.878694,海曙区,幼儿园
1361,高桥镇新安幼儿园,海曙区唐家漕130,121.494516,29.907822,海曙区,幼儿园
1362,天一幼儿园,海曙区中山西路988弄188号,121.52073,29.881869,海曙区,幼儿园
1363,东方幼儿园,海曙区雅渡新村888号,121.506167,29.824411,海曙区,幼儿园
1364,邵家幼儿园,海曙区高桥镇石塘村邵家87号,121.434483,29.912628,海曙区,幼儿园
1365,宁波市新商业幼儿园,海曙区云霞路148弄16号,121.528362,29.855667,海曙区,幼儿园
1366,宁波红旗幼儿园,海曙区厂堂街89号,121.552052,29.876466,海曙区,幼儿园
1367,灵云幼儿园,海曙区高桥镇望童路1108号,121.481087,29.876873,海曙区,幼儿园
1368,横涨幼儿园,海曙区工业区14号,121.446679,29.789121,海曙区,幼儿园
1369,藕缆桥幼儿园(联丰中路),海曙区藕缆桥路136-1,121.498582,29.870831,海曙区,幼儿园
1370,竹福园幼儿园,海曙区环城西路北段68弄76号,121.52473,29.879917,海曙区,幼儿园
1371,祝家桥幼儿园,海曙区集市港镇新河路,121.448598,29.876413,海曙区,幼儿园
1372,芝芽树・启蒙幼学(南塘店),海曙区鄞奉路221-223号南塘金茂府二期,121.540221,29.852736,海曙区,幼儿园
1373,宁波市海曙区格林美语幼儿园,海曙区白云街道前丰街42号,121.519696,29.876392,海曙区,幼儿园
1374,宁波市海曙区古林镇中心幼儿园,海曙区浙江省 宁波市 海曙区 海曙区古林镇馀庆路106号,121.434062,29.837111,海曙区,幼儿园
1375,雅源幼儿园,海曙区万利路,121.499672,29.816311,海曙区,幼儿园
1376,童趣幼儿园(金云街),海曙区金云街13号附近,121.500643,29.844421,海曙区,幼儿园
1377,鄞州区石\栎社幼儿园,海曙区石\联丰工业区12号(豪雅集团后面),121.478881,29.801773,海曙区,幼儿园
1378,幼乐园,海曙区晴园宋晴路57号,121.49441,29.877743,海曙区,幼儿园
1379,爱心幼儿园,海曙区,121.471121,29.877041,海曙区,幼儿园
1380,古林镇张家潭幼儿园,海曙区古林镇张家潭村段梅线,121.475398,29.843203,海曙区,幼儿园
1381,海曙区气象路幼儿园,海曙区气象路667号,121.511314,29.860124,海曙区,幼儿园
1382,高桥镇中心幼儿园,海曙区高桥镇高桥路569号,121.469179,29.901826,海曙区,幼儿园
1383,半路庵幼儿园,海曙区秀丰路59号,121.476839,29.892115,海曙区,幼儿园
1384,宁波市海曙区海光幼儿园,海曙区环城西路南段688弄55号,121.522549,29.854855,海曙区,幼儿园
1385,阳光幼儿园(马浦路),海曙区高桥镇马浦路2号,121.4672,29.901624,海曙区,幼儿园
1386,洞桥镇中心幼儿园,海曙区洞桥明苑小区63幢195号,121.412121,29.782072,海曙区,幼儿园
1387,江南幼儿园,海曙区万成路江南绿洲31号,121.496032,29.819315,海曙区,幼儿园
1388,宁波中山艺术幼儿园(分园),海曙区西河街68弄18号,121.5446,29.880607,海曙区,幼儿园
1389,宁波市海曙区心爱心幼儿园,海曙区徐家漕路211弄39号,121.495573,29.882563,海曙区,幼儿园
1390,禾儿蒙台梭利幼儿园,海曙区环城西路南段861号,121.524851,29.847485,海曙区,幼儿园
1391,森屿蒙特梭利幼儿园,海曙区春华路928号2号楼,121.460901,29.861799,海曙区,幼儿园
1392,莲桥第幼儿园月湖园区,海曙区解放南路象鼻巷4号,121.547425,29.865577,海曙区,幼儿园
1393,宝韵音乐幼儿园古林镇(华城分园),海曙区薛家南路30号盛世华城,121.503541,29.867313,海曙区,幼儿园
1394,海曙区童洲幼儿园,海曙区厂堂街89号,121.552184,29.876311,海曙区,幼儿园
1395,宁波市海曙区爱菊云朵幼儿园,海曙区三市路201号,121.538649,29.855135,海曙区,幼儿园
1396,童蒙园,海曙区环城西路南段29号,121.52243,29.875663,海曙区,幼儿园
1397,佛蒙特双语幼儿园,海曙区望春街道环城西路真和大酒店C座一层,121.522424,29.885836,海曙区,幼儿园
1398,宁波市第二幼儿园(新星路),海曙区青林湾西区115号,121.515802,29.896096,海曙区,幼儿园
1399,H1蜜蜂王国幼儿园,海曙区气象路827号H1,121.507887,29.859746,海曙区,幼儿园
1400,绿茵君尚幼儿园,海曙区新蒲路15号(恒威君尚城),121.461184,29.888509,海曙区,幼儿园
1401,莲桥第幼儿园莲桥园区,海曙区小沙泥街65号,121.551762,29.864079,海曙区,幼儿园
1402,宁波市海曙区赫德双语幼儿园,海曙区解放南路10号,121.550032,29.860381,海曙区,幼儿园
1403,宝韵海悦幼儿园,海曙区薛家南路478,121.498932,29.856914,海曙区,幼儿园
1404,海曙区古林镇蓝天幼儿园,海曙区古林镇中心路113号,121.436497,29.830685,海曙区,幼儿园
1405,琴琴幼儿园(四明西路),海曙区王元ヂ26号,121.35442,29.768872,海曙区,幼儿园
1406,海曙区横街中心幼儿园,海曙区横小线东村新银家园东南侧约180米,121.396279,29.854329,海曙区,幼儿园
1407,冯家幼儿园,海曙区宁缝工业区3幢3楼,121.48883,29.821549,海曙区,幼儿园
1408,绿茵幼儿园(芝岭村社区卫生服务站西南),海曙区横街南路46号附近,121.396878,29.850257,海曙区,幼儿园
1409,胜丰幼儿园,海曙区胜丰路106弄4号,121.528216,29.881456,海曙区,幼儿园
1410,翠柏幼儿园,海曙区翠中社区16幢57号105室,121.532465,29.884414,海曙区,幼儿园
1411,德才幼儿园(小梁街),海曙区小梁街37号,121.55063,29.870895,海曙区,幼儿园
1412,蓝精灵幼儿之家,海曙区公园路99弄17号凤栖商务304,121.546754,29.876135,海曙区,幼儿园
1413,高桥镇清沁家园幼儿园,海曙区清沁家园119,121.492904,29.893719,海曙区,幼儿园
1414,宝宝慧郎官幼儿园,海曙区假山新村24幢101号,121.533357,29.874681,海曙区,幼儿园
1415,洪渡幼儿园,海曙区石\街道石源路8号,121.499574,29.824772,海曙区,幼儿园
1416,宁波海曙段塘育苗幼儿园,海曙区段塘吴家工业区3号799弄,121.514758,29.848309,海曙区,幼儿园
1417,乐乐幼儿园(万金路),海曙区杨家30号,121.507059,29.813647,海曙区,幼儿园
1418,博聪幼儿园,海曙区雅戈尔大道599号,121.491895,29.813877,海曙区,幼儿园
1419,天天乐幼儿园(永丰西路),海曙区环城西路北段245弄39号,121.520486,29.887153,海曙区,幼儿园
1420,鄞州区石矸街道新阳幼儿园,海曙区石契街道东杨村,121.455826,29.796704,海曙区,幼儿园
1421,西洋港幼儿园,海曙区西洋港工业区9号,121.42799,29.825819,海曙区,幼儿园
1422,鄞州区爱心幼儿园,海曙区徐家漕路211弄39号,121.500049,29.883984,海曙区,幼儿园
1423,鄞江镇中心幼儿园(鄞州区鄞江中心卫生院西南),海曙区鄞江镇光溪村官池北路(山水人家南面),121.35564,29.776188,海曙区,幼儿园
1424,宁波市外经贸幼儿园,海曙区筱墙巷22号,121.533466,29.87826,海曙区,幼儿园
1425,宁波市第一幼儿园(常青路98弄),海曙区常青路96柳锦花园,121.528976,29.87046,海曙区,幼儿园
1426,宁波市海曙区石\波波幼儿园,海曙区车站新村129,121.483311,29.808039,海曙区,幼儿园
1427,新星幼儿园(白岳医院西南),海曙区湖山新村14号,121.424326,29.883318,海曙区,幼儿园
1428,启新幼儿园,海曙区启文路9号,121.532611,29.853006,海曙区,幼儿园
1429,宁波市尹江岸幼儿园,海曙区甬水桥路46号,121.540278,29.856591,海曙区,幼儿园
1430,南雅音乐幼儿园,海曙区南雅街22号,121.524824,29.862368,海曙区,幼儿园
1431,宁波市宝韵音乐幼儿园,海曙区吴家塘路128,121.531806,29.867723,海曙区,幼儿园
1432,宁波市红旗幼儿园,海曙区乌含巷36-5号,121.541961,29.876739,海曙区,幼儿园
1433,宁波市机关第二幼儿园,海曙区鼓楼街道苍水街172号,121.551171,29.876109,海曙区,幼儿园
1434,闻裕顺南苑幼儿园,海曙区南苑街229弄153号,121.526047,29.848876,海曙区,幼儿园
1435,中山艺术幼儿园,海曙区西河街68弄18号,121.546638,29.878465,海曙区,幼儿园
1436,宁波市新芝幼儿园,海曙区永丰西路98弄54号,121.54071,29.888132,海曙区,幼儿园
1437,宁波市海曙区古林镇实验幼儿园,海曙区民渠路190号,121.500999,29.855935,海曙区,幼儿园
1438,宁波骅德源幼儿园,海曙区雅戈尔大道211号,121.504409,29.826376,海曙区,幼儿园
1439,宁波诺丁堡幼儿园,海曙区万利路177号,121.501019,29.81755,海曙区,幼儿园
1440,集士港镇科创幼儿园,海曙区科创北路247号,121.454584,29.85737,海曙区,幼儿园
1441,启博幼儿园,海曙区秀丰路爱姆奇工业园东南侧约60米,121.476854,29.892102,海曙区,幼儿园
1442,宁波市海曙区高桥镇海润佳园幼儿园,海曙区高桥镇新蒲路959号,121.462264,29.882614,海曙区,幼儿园
1443,古林镇蜃蛟幼儿园,海曙区,121.405491,29.814534,海曙区,幼儿园
1444,新欣幼儿园(沁园春天西),海曙区,121.409755,29.778707,海曙区,幼儿园
1445,宁波市海曙区丽象幼儿园,海曙区,121.515654,29.861146,海曙区,幼儿园
1446,洞桥镇中心幼儿园名苑园,海曙区洞桥明苑195,121.414919,29.776789,海曙区,幼儿园
1447,石矸波波幼儿园,海曙区栎社街海曙区栎社小学西北侧约250米,121.48351,29.808125,海曙区,幼儿园
1448,宁波市高塘幼儿园,海曙区孝闻巷48号,121.546166,29.881699,海曙区,幼儿园
1449,宁波市实验幼儿园上院园区,海曙区望春街道青林湾维科上院30号,121.523516,29.900846,海曙区,幼儿园
1450,苍水托儿所,海曙区苍水街与解放北路交叉路口北侧(屠园小区),121.551002,29.876067,海曙区,幼儿园
1451,宁波市海曙区望童幼儿园,海曙区望童北苑9号,121.508204,29.885179,海曙区,幼儿园
1452,国骅东方幼儿园,海曙区万顺路与鄞县大道交叉路口往东北约100米(雅渡新村),121.506096,29.824151,海曙区,幼儿园
1453,宁波市海曙区石砌街道雅悦幼儿园,海曙区杭甬高速(艺韵幼儿园东北侧),121.511593,29.835405,海曙区,幼儿园
1454,宁波市闻裕顺幼儿园江湾城园区,海曙区澄浪南路南塘金茂府东南侧约250米,121.542998,29.851787,海曙区,幼儿园
1455,宁波市第二幼儿园西成园区,海曙区望春街道澄波街12号,121.516329,29.885357,海曙区,幼儿园
1456,俞家幼儿园,海曙区古林镇,121.441432,29.842563,海曙区,幼儿园
1457,宁海县西子嘉宝幼儿园,海曙区桃源街道万兴路与汇通路交叉口西50米路北,121.54979,29.868351,海曙区,幼儿园
1458,柳锦花园幼儿园,海曙区常青路98号84弄308室,121.52882,29.870503,海曙区,幼儿园
1459,宁峰幼儿园,海曙区洞桥镇张家垫村572号,121.421004,29.761624,海曙区,幼儿园
1460,集士港镇中心幼儿园,海曙区集士港镇广茂路116号,121.430879,29.863744,海曙区,幼儿园
1461,岐湖幼儿园,海曙区318省道西50米岐湖小学附近,121.404359,29.925471,海曙区,幼儿园
1462,西湖花园幼儿园,海曙区西湖花园小区27号,121.511745,29.853847,海曙区,幼儿园
1463,龙观乡中心幼儿园,海曙区龙兴路与新潮路交叉口,121.314075,29.767205,海曙区,幼儿园
1464,宁波市海曙区培星幼儿园,海曙区栎社华家207号,121.483982,29.80569,海曙区,幼儿园
1465,梅园幼儿园,海曙区鄞江镇大桥村车站中174号,121.372823,29.802727,海曙区,幼儿园
1466,宁波市外经贸幼儿园,海曙区顺德路318号,121.517518,29.849976,海曙区,幼儿园
1467,高桥镇中心小学,海曙区高桥镇新丰路与新联路交叉,121.464485,29.892481,海曙区,小学
1468,望春小学,海曙区博爱路88,121.502977,29.891108,海曙区,小学
1469,宁波市镇明中心小学,海曙区云石街52号,121.546036,29.865788,海曙区,小学
1470,雅戈尔小学,海曙区鄞县大道西段755号南江绿苑,121.504981,29.822135,海曙区,小学
1471,高桥镇何家小学,海曙区联丰中路928号,121.48563,29.869842,海曙区,小学
1472,孙文英小学,海曙区布政巷20号,121.536302,29.877008,海曙区,小学
1473,栎社小学,海曙区栎社村石\街道栎社街74号,121.485068,29.805791,海曙区,小学
1474,华天小学,海曙区国丰街70号,121.517611,29.866986,海曙区,小学
1475,鄞县俞家小学,海曙区,121.44393,29.839824,海曙区,小学
1476,望江小学,海曙区高桥镇望江村望江路83号,121.498951,29.905863,海曙区,小学
1477,礼嘉桥小学,海曙区启运路金叶宾馆附近,121.504829,29.849141,海曙区,小学
1478,宁波市翰香小学,海曙区五台巷8号,121.552144,29.863131,海曙区,小学
1479,镇明中心小学(实验校区),海曙区段塘街道云霞路226号宁波市镇明中心小学实验校区羽毛球馆,121.529846,29.855263,海曙区,小学
1480,海曙中心小学,海曙区孝闻街8号,121.543567,29.874425,海曙区,小学
1481,孙文英小学气象路校区,海曙区段塘街道气象路59号,121.523262,29.85912,海曙区,小学
1482,宁波市广济中心小学,海曙区金带巷15,121.54657,29.868551,海曙区,小学
1483,宁波市实验小学,海曙区万安路2号,121.529586,29.876205,海曙区,小学
1484,宁波市中原小学,海曙区郎官巷13郎官小区,121.534972,29.873716,海曙区,小学
1485,范桂馥小学,海曙区白云街48弄9号,121.522975,29.872984,海曙区,小学
1486,横涨小学(建设中),海曙区横涨村中心北路270号,121.444577,29.79014,海曙区,小学
1487,宋家漕小学,海曙区宋家漕156,121.495463,29.877455,海曙区,小学
1488,集士港镇广德湖小学,海曙区集高南路788,121.426658,29.880175,海曙区,小学
1489,古林镇布政小学,海曙区俞车利漕11号,121.476881,29.841676,海曙区,小学
1490,石\实验小学,海曙区横古线,121.4491,29.79186,海曙区,小学
1491,藕池小学,海曙区古林镇藕池新村恒江小区12幢,121.510059,29.840311,海曙区,小学
1492,海曙区石\红星小学,海曙区横小线(雅杰商务楼西南),121.484875,29.824542,海曙区,小学
1493,鄞江镇中心小学,海曙区竹节岭路,121.359535,29.781994,海曙区,小学
1494,古林镇中心小学,海曙区文卫路128号,121.442587,29.826423,海曙区,小学
1495,古林镇东恩小学,海曙区宋严王工业区19号,121.486867,29.844998,海曙区,小学
1496,宁波市新芝小学,海曙区广仁街46号,121.548003,29.880446,海曙区,小学
1497,横街镇中心小学,海曙区车站南路12号,121.400257,29.853421,海曙区,小学
1498,布政小学,海曙区段梅路金隆家园对面,121.468128,29.837913,海曙区,小学
1499,古林镇实验小学,海曙区古林镇薛家村,121.500922,29.854912,海曙区,小学
1500,集士港镇中心小学,海曙区祝家桥村28号,121.450139,29.866288,海曙区,小学
1501,信谊小学,海曙区徐家漕路136号,121.499178,29.884757,海曙区,小学
1502,章水镇郑家小学,海曙区章水镇郑家村,121.318566,29.809216,海曙区,小学
1503,古林镇蜃蛟小学,海曙区古林镇蜃蛟村,121.403625,29.818154,海曙区,小学
1504,广济中心小学华天分校,海曙区国丰街70号,121.51815,29.866795,海曙区,小学
1505,海曙中心小学教育集团薛家小学,海曙区古林镇薛家村薛家小学,121.500839,29.854603,海曙区,小学
1506,岐阳小学,海曙区高桥镇岐阳村岐山路67号,121.429028,29.919979,海曙区,小学
1507,南苑小学,海曙区粮丰街129弄39号,121.528348,29.847952,海曙区,小学
1508,宁波市海曙区冯家小学,海曙区冯家村双江岸19号正南方向197米东北方向20米,121.490737,29.821922,海曙区,小学
1509,宁波市海曙区龙观中心学校,海曙区龙兴路213号,121.313859,29.765306,海曙区,小学
1510,宸卿小学,海曙区石\街道,121.506749,29.832526,海曙区,小学
1511,横街镇校,海曙区横交段与横街南路交叉口东150米,121.400219,29.852758,海曙区,小学
1512,宁波市广济中心小学,海曙区丽园北路七十五弄138号,121.514166,29.871756,海曙区,小学
1513,洞桥镇宁锋小学,海曙区张家垫570号,121.413438,29.757683,海曙区,小学
1514,金谷小学,海曙区后隆496号,121.318022,29.782524,海曙区,小学
1515,鄞州区阳明学校,海曙区藕缆桥路88号,121.496706,29.868668,海曙区,小学
1516,宁波市尹江岸小学,海曙区甬水桥路,121.538651,29.857509,海曙区,小学
1517,立星学校,海曙区星光村沈家西113号,121.485067,29.802376,海曙区,小学
1518,高桥镇成才学校,海曙区高桥镇秀丰村三成路175号,121.474998,29.887259,海曙区,小学
1519,镇明中心小学南塘校区,海曙区甬水桥路65号,121.538755,29.856672,海曙区,小学
1520,宁波市实验学校小学部,海曙区中山西路1182弄86号,121.515791,29.883972,海曙区,小学
1521,宁波海曙赫德实验学校,海曙区解放南路10号,121.550289,29.860132,海曙区,小学
1522,章水镇中心小学,海曙区章水镇通远路36号,121.313555,29.811996,海曙区,小学
1523,海曙中心小学分校,海曙区广升大道与集高南路交叉路口往东北约100米,121.426553,29.88098,海曙区,小学
1524,洞桥镇百梁天成希望小学,海曙区桥北38洞桥镇百梁天成希望小学附近,121.390333,29.76739,海曙区,小学
1525,宁波市海曙中心小学(西校区),海曙区广仁街103号附近,121.548045,29.880454,海曙区,小学
1526,宁波市海曙区石\红星学校,海曙区石契后仓村世纪华联超市对面,121.484873,29.824515,海曙区,小学
1527,宁波市海曙外国语学校(五江口校区),海曙区五江口路267号,121.50758,29.897152,海曙区,小学
1528,横街镇新阳小学,海曙区横街镇育才路6号,121.401575,29.854037,海曙区,小学
1529,字丰希望小学,海曙区分天段东100米,121.182734,29.803861,海曙区,小学
1530,鄞江中学,海曙区四明东路79弄1号,121.362814,29.782141,海曙区,中学
1531,宁波效实中学,海曙区白杨街178号,121.528757,29.872756,海曙区,中学
1532,宁波市海曙区古林镇中心初级中学,海曙区古林镇育华路66号,121.497431,29.859715,海曙区,中学
1533,同济中学,海曙区高桥镇迎春路289号,121.49877,29.874752,海曙区,中学
1534,东恩中学,海曙区灵桥路164号,121.549636,29.856664,海曙区,中学
1535,宁波市第十五中学,海曙区布政巷19号,121.535252,29.877408,海曙区,中学
1536,宁波荣安实验中学,海曙区望春街道气象路189号,121.518942,29.859102,海曙区,中学
1537,雅戈尔中学,海曙区石\雅源南路288号,121.503514,29.817411,海曙区,中学
1538,浙江省宁波第二中学(竹洲校区),海曙区共青路20号,121.542414,29.863857,海曙区,中学
1539,集士港镇中学,海曙区集士港镇集士西路154号,121.428554,29.866834,海曙区,中学
1540,宁波国际文武学校,海曙区高桥镇联丰中路469号,121.49802,29.870169,海曙区,中学
1541,宁波市第十五中学(实验校区),海曙区蓝天路358号,121.514548,29.874834,海曙区,中学
1542,宁波市实验学校,海曙区中山西路1182弄86号,121.516731,29.883949,海曙区,中学
1543,李兴贵中学,海曙区西门街道永丰西路201号,121.537264,29.886542,海曙区,中学
1544,海曙区田莘耕中学,海曙区塘西中路98号,121.506855,29.83334,海曙区,中学
1545,海曙区高桥镇中学,海曙区高桥镇芦港村,121.494578,29.89446,海曙区,中学
1546,四明职业高级中学,海曙区蜜岩村东北方向20米,121.277947,29.826076,海曙区,中学
1547,洞桥镇中心初级中学,海曙区洞桥镇文卫路,121.413642,29.78264,海曙区,中学
1548,宁波市李兴贵中学(西校区),海曙区永丰西路201号,121.536639,29.886756,海曙区,中学
1549,华光学校,海曙区鄞江镇四明东路97弄20号,121.363831,29.780336,海曙区,中学
1550,鄞江镇初级中学,海曙区鄞江镇悬慈村清源西路57号,121.355136,29.761226,海曙区,中学
1551,横街镇中心初级中学,海曙区育才路12号,121.402035,29.852804,海曙区,中学
1552,宁波神舟学校,海曙区望春工业园区杉杉路2号,121.454993,29.836724,海曙区,中学
1553,樟村中学,海曙区012县道,121.311421,29.813076,海曙区,中学
1554,鄞江镇燕玲学校,海曙区鄞江镇大桥村,121.37253,29.804506,海曙区,中学
1555,宁波市海曙区储能学校,海曙区粮丰街165号,121.526946,29.846925,海曙区,中学
1556,立星学校后仓校区,海曙区石砌街道后仓村求精路1号,121.484879,29.831126,海曙区,中学
1557,四明山经典学校,海曙区章水镇杖锡村,121.160129,29.767211,海曙区,中学
1558,高桥镇博泽学校,海曙区高桥镇迎春路288号,121.501621,29.875151,海曙区,中学
1559,海曙区古林镇春蕾学校,海曙区古林镇宋严王村,121.486987,29.844344,海曙区,中学
1560,宁波市海曙区雅戈尔实验学校初中部,海曙区段塘东路24号,121.526529,29.841625,海曙区,中学
1561,宁波市海曙区洞桥镇中心学校,海曙区洞桥镇荷晓东路962号,121.414726,29.782648,海曙区,中学
1562,浙江商业技师学院,海曙区环城西路南段138号(近好又多),121.521125,29.873087,海曙区,职业技术学校
1563,宁波市甬江职业高级中学,海曙区西门街道文化路368号,121.530918,29.885769,海曙区,职业技术学校
1564,宁波兴港职业高级中学,海曙区气象路117号14文秘班,121.520617,29.859102,海曙区,职业技术学校
1565,宁波甬江财经学校,海曙区府桥街38弄9、13,121.547807,29.87519,海曙区,职业技术学校
1566,宁波黄泰技工学校,海曙区石\街道万成路288号,121.499605,29.81544,海曙区,职业技术学校
1567,宁波市古林职业高级中学,海曙区古林镇古林中心路270号,121.437656,29.838481,海曙区,职业技术学校
1568,华升职业培训学校,海曙区横街东路与联集线交叉口东北100米,121.410034,29.859685,海曙区,职业技术学校
1569,古林镇成人文化技术学校(葑水港),海曙区古林镇,121.469357,29.827676,海曙区,职业技术学校
1570,宁波四季春服装学校,海曙区石\街道万成路300号,121.50078,29.814868,海曙区,职业技术学校
1571,鄞州四明职业中学,海曙区章水镇蜜岩村,121.276673,29.82522,海曙区,职业技术学校
1572,宁波第二技师学院,海曙区新典路1000号,121.514688,29.858942,海曙区,职业技术学校
1573,鄞州职高学校,海曙区冯家小学后门附近,121.488571,29.821971,海曙区,职业技术学校
1574,宁波市职工职业培训学校,海曙区新典路46号,121.531326,29.852107,海曙区,职业技术学校
1575,宁波市拓业职业培训学校,海曙区环城西路南段1138号附近,121.521714,29.87315,海曙区,职业技术学校
1576,宁波外事学校,海曙区启运路298号,121.510066,29.843594,海曙区,职业技术学校
1577,旭航学校,海曙区,121.456929,29.870991,海曙区,职业技术学校
1578,高桥镇成人文化技术学校,海曙区高桥镇新丰路与新联路交叉高桥镇中心小学附近,121.464618,29.891766,海曙区,职业技术学校
1579,宁波华培职业技能培训学校,海曙区宁波工程学院,121.532404,29.880777,海曙区,职业技术学校
1580,宁波市海曙区旭航职业培训学校,海曙区集士东路290号,121.456851,29.870876,海曙区,职业技术学校
1581,鄞州艺术学校,海曙区古林中心路270号,121.436674,29.838006,海曙区,职业技术学校
1582,宁波尚野化妆美甲形象设计培训学校,海曙区镇明路532号新荟天地E座4层,121.545656,29.869487,海曙区,职业技术学校
1583,宁波大红鹰学院艺术与传媒学院,海曙区学院路1号,121.483427,29.886755,海曙区,职业技术学校
1584,宁波市爱菊艺术学校(姚丰校区),海曙区沁园街619号,121.505762,29.87524,海曙区,职业技术学校
